#
# There is insufficient memory for the Java Runtime Environment to continue.
# Native memory allocation (malloc) failed to allocate 2578240 bytes. Error detail: Chunk::new
# Possible reasons:
#   The system is out of physical RAM or swap space
#   This process is running with CompressedOops enabled, and the Java Heap may be blocking the growth of the native heap
# Possible solutions:
#   Reduce memory load on the system
#   Increase physical memory or swap space
#   Check if swap backing store is full
#   Decrease Java heap size (-Xmx/-Xms)
#   Decrease number of Java threads
#   Decrease Java thread stack sizes (-Xss)
#   Set larger code cache with -XX:ReservedCodeCacheSize=
#   JVM is running with Unscaled Compressed Oops mode in which the Java heap is
#     placed in the first 4GB address space. The Java Heap base address is the
#     maximum limit for the native heap growth. Please use -XX:HeapBaseMinAddress
#     to set the Java Heap base and to place the Java Heap above 4GB virtual address.
# This output file may be truncated or incomplete.
#
#  Out of Memory Error (arena.cpp:168), pid=8336, tid=32136
#
# JRE version: OpenJDK Runtime Environment (21.0.10) (build 21.0.10+-14961533-b1163.108)
# Java VM: OpenJDK 64-Bit Server VM (21.0.10+-14961533-b1163.108, mixed mode, tiered, compressed oops, compressed class ptrs, g1 gc, windows-amd64)
# No core dump will be written. Minidumps are not enabled by default on client versions of Windows
#

---------------  S U M M A R Y ------------

Command Line: --add-opens=java.base/java.lang=ALL-UNNAMED --add-opens=java.base/java.lang.invoke=ALL-UNNAMED --add-opens=java.base/java.util=ALL-UNNAMED --add-opens=java.prefs/java.util.prefs=ALL-UNNAMED --add-exports=jdk.compiler/com.sun.tools.javac.api=ALL-UNNAMED --add-exports=jdk.compiler/com.sun.tools.javac.util=ALL-UNNAMED --add-opens=java.base/java.util=ALL-UNNAMED --add-opens=java.prefs/java.util.prefs=ALL-UNNAMED --add-opens=java.base/java.nio.charset=ALL-UNNAMED --add-opens=java.base/java.net=ALL-UNNAMED --add-opens=java.base/java.util.concurrent=ALL-UNNAMED --add-opens=java.base/java.util.concurrent.atomic=ALL-UNNAMED --add-opens=java.xml/javax.xml.namespace=ALL-UNNAMED --add-opens=java.base/java.time=ALL-UNNAMED -Xmx2048m -Dfile.encoding=UTF-8 -Duser.country=UA -Duser.language=uk -Duser.variant -javaagent:C:\Users\User\.gradle\wrapper\dists\gradle-9.3.1-bin\23ovyewtku6u96viwx3xl3oks\gradle-9.3.1\lib\agents\gradle-instrumentation-agent-9.3.1.jar org.gradle.launcher.daemon.bootstrap.GradleDaemon 9.3.1

Host: AMD Ryzen 5 7530U with Radeon Graphics         , 12 cores, 15G,  Windows 11 , 64 bit Build 26100 (10.0.26100.8246)
Time: Sat May 16 10:17:36 2026 elapsed time: 49.686904 seconds (0d 0h 0m 49s)

---------------  T H R E A D  ---------------

Current thread (0x000001fa9e588c00):  JavaThread "C2 CompilerThread2" daemon [_thread_in_native, id=32136, stack(0x000000b683f00000,0x000000b684000000) (1024K)]


Current CompileTask:
C2:49687 24642       4       com.android.tools.r8.internal.ca2::a (2026 bytes)

Stack: [0x000000b683f00000,0x000000b684000000]
Native frames: (J=compiled Java code, j=interpreted, Vv=VM code, C=native code)
V  [jvm.dll+0x6d78a9]
V  [jvm.dll+0x8665b3]
V  [jvm.dll+0x868bde]
V  [jvm.dll+0x8692c3]
V  [jvm.dll+0x280ee6]
V  [jvm.dll+0xc07cd]
V  [jvm.dll+0xc0d03]
V  [jvm.dll+0x3ba0cb]
V  [jvm.dll+0x385df7]
V  [jvm.dll+0x38526a]
V  [jvm.dll+0x249bd2]
V  [jvm.dll+0x2491a1]
V  [jvm.dll+0x1c76e4]
V  [jvm.dll+0x25891e]
V  [jvm.dll+0x256e66]
V  [jvm.dll+0x3f513e]
V  [jvm.dll+0x80fd28]
V  [jvm.dll+0x6d60fd]
C  [ucrtbase.dll+0x37b0]
C  [KERNEL32.DLL+0x2e8d7]
C  [ntdll.dll+0x8c3fc]


---------------  P R O C E S S  ---------------

Threads class SMR info:
_java_thread_list=0x000001fa9d837c30, length=190, elements={
0x000001fafa79ab40, 0x000001faff3edb40, 0x000001faff3f1b50, 0x000001faff41e930,
0x000001faff4026e0, 0x000001faff403140, 0x000001faff426fb0, 0x000001faff42a850,
0x000001faff4085b0, 0x000001faff409050, 0x000001faff42aee0, 0x000001faff429b30,
0x000001faff427a60, 0x000001faff428e10, 0x000001faff4294a0, 0x000001faff42a1c0,
0x000001fa9986bd50, 0x000001fa9986b6c0, 0x000001fa998688d0, 0x000001fa998695f0,
0x000001fa99868f60, 0x000001fa99869c80, 0x000001fa9986b030, 0x000001fa9986c3e0,
0x000001fa9986a310, 0x000001fa9986de20, 0x000001fa9986a9a0, 0x000001fa9986e4b0,
0x000001fa9986eb40, 0x000001fa9986f1d0, 0x000001fa9986f860, 0x000001fa9986fef0,
0x000001fa985e5c90, 0x000001fa985e69b0, 0x000001fa985e4f70, 0x000001fa985e4250,
0x000001fa985e76d0, 0x000001fa985e5600, 0x000001fa985e6320, 0x000001fa985e7d60,
0x000001fa985e48e0, 0x000001fa985e83f0, 0x000001fa985e97a0, 0x000001fa985e8a80,
0x000001fa985e9110, 0x000001fa985eb1e0, 0x000001fa985ea4c0, 0x000001fa985e9e30,
0x000001fa985eab50, 0x000001fa9b83dc80, 0x000001fa9b83e310, 0x000001fa9b83b520,
0x000001fa9b83bbb0, 0x000001fa9b83c240, 0x000001fa9b83d5f0, 0x000001fa9b83ae90,
0x000001fa9b83f6c0, 0x000001fa9b83c8d0, 0x000001fa9b8403e0, 0x000001fa9b83cf60,
0x000001fa9b841100, 0x000001fa9b83f030, 0x000001fa9b83fd50, 0x000001fa9b841790,
0x000001fa9b840a70, 0x000001fa9b841e20, 0x000001fa9b83e9a0, 0x000001fa9b8424b0,
0x000001fa9b2b45e0, 0x000001fa9b2b5300, 0x000001fa9b2b73d0, 0x000001fa9b2b4c70,
0x000001fa9b2b5990, 0x000001fa9b2b6020, 0x000001fa9b2b8780, 0x000001fa9b2b8e10,
0x000001fa9b2b7a60, 0x000001fa9b2b80f0, 0x000001fa9b2b94a0, 0x000001fa9b2b9b30,
0x000001fa9b2b66b0, 0x000001fa9b2bb570, 0x000001fa9b2ba1c0, 0x000001fa9b2ba850,
0x000001fa9b2baee0, 0x000001faff428780, 0x000001fa9c939fe0, 0x000001fa9c9392c0,
0x000001fa9c93ba20, 0x000001fa9c93ad00, 0x000001fa9c93a670, 0x000001fa9c93b390,
0x000001fa9c939950, 0x000001fa9c938c30, 0x000001fa9c93cdd0, 0x000001fa9c93c740,
0x000001fa9c93f530, 0x000001fa9c93e810, 0x000001fa9c93e180, 0x000001fa9c93eea0,
0x000001fa9c93c0b0, 0x000001fa9c93fbc0, 0x000001fa9c940250, 0x000001fa9c93d460,
0x000001fa9c93daf0, 0x000001fa9d4dade0, 0x000001fa9d4d8680, 0x000001fa9d4db470,
0x000001fa9d4dfca0, 0x000001faa37015c0, 0x000001faa3703000, 0x000001faa3700210,
0x000001faa36ffb80, 0x000001faa37008a0, 0x000001faa37043b0, 0x000001faa3701c50,
0x000001faa3703690, 0x000001faa3702970, 0x000001faa37022e0, 0x000001faa3703d20,
0x000001faa3700f30, 0x000001faa37050d0, 0x000001fa9e6a88a0, 0x000001faa3706480,
0x000001faa3706b10, 0x000001faa3705760, 0x000001faa3704a40, 0x000001faa3705df0,
0x000001faa37071a0, 0x000001faa38b6340, 0x000001faa38b76f0, 0x000001faa38b4f90,
0x000001faa38b8410, 0x000001faa38b5cb0, 0x000001faa36e0200, 0x000001faa36de7c0,
0x000001faa36dc6f0, 0x000001faa36ddaa0, 0x000001faa36dcd80, 0x000001faa36dee50,
0x000001faa36dd410, 0x000001faa36db9d0, 0x000001faa36e1c40, 0x000001faa36e0890,
0x000001faa36dfb70, 0x000001faa36e0f20, 0x000001faa36e15b0, 0x000001faa36e22d0,
0x000001faa36de130, 0x000001faa36e2960, 0x000001faa36e6470, 0x000001faa36e2ff0,
0x000001faa36e6b00, 0x000001faa36e3d10, 0x000001faa36e3680, 0x000001faa36e4a30,
0x000001faa36e7190, 0x000001faa36e7820, 0x000001faa36e43a0, 0x000001faa36e7eb0,
0x000001faa3010e00, 0x000001faa3013560, 0x000001faa3011b20, 0x000001faa3011490,
0x000001faa30100e0, 0x000001faa3012840, 0x000001faa30121b0, 0x000001faa3010770,
0x000001faa3016350, 0x000001faa3014910, 0x000001faa3012ed0, 0x000001faa3017070,
0x000001faa3015630, 0x000001faa3013bf0, 0x000001faa3017700, 0x000001faa3014280,
0x000001faa3017d90, 0x000001faa30169e0, 0x000001faa301b8a0, 0x000001faa301ab80,
0x000001faa301b210, 0x000001faa3018420, 0x000001fa9e2670a0, 0x000001fa9e588c00,
0x000001fa9e268450, 0x000001fa9e268ae0, 0x000001fa9e265660, 0x000001fa9e269170,
0x000001fa9e265cf0, 0x000001fa9e26b240
}

Java Threads: ( => current thread )
  0x000001fafa79ab40 JavaThread "main"                              [_thread_blocked, id=20708, stack(0x000000b6f7400000,0x000000b6f7500000) (1024K)]
  0x000001faff3edb40 JavaThread "Common-Cleaner"             daemon [_thread_blocked, id=5224, stack(0x000000b6f7c00000,0x000000b6f7d00000) (1024K)]
  0x000001faff3f1b50 JavaThread "Reference Handler"          daemon [_thread_blocked, id=2904, stack(0x000000b6f7d00000,0x000000b6f7e00000) (1024K)]
  0x000001faff41e930 JavaThread "Finalizer"                  daemon [_thread_blocked, id=22796, stack(0x000000b6f7e00000,0x000000b6f7f00000) (1024K)]
  0x000001faff4026e0 JavaThread "Signal Dispatcher"          daemon [_thread_blocked, id=28772, stack(0x000000b6f7f00000,0x000000b6f8000000) (1024K)]
  0x000001faff403140 JavaThread "Attach Listener"            daemon [_thread_blocked, id=26076, stack(0x000000b6f8000000,0x000000b6f8100000) (1024K)]
  0x000001faff426fb0 JavaThread "Service Thread"             daemon [_thread_blocked, id=19344, stack(0x000000b6f8100000,0x000000b6f8200000) (1024K)]
  0x000001faff42a850 JavaThread "Monitor Deflation Thread"   daemon [_thread_blocked, id=18572, stack(0x000000b6f8200000,0x000000b6f8300000) (1024K)]
  0x000001faff4085b0 JavaThread "C2 CompilerThread0"         daemon [_thread_in_native, id=2168, stack(0x000000b6f8300000,0x000000b6f8400000) (1024K)]
  0x000001faff409050 JavaThread "C1 CompilerThread0"         daemon [_thread_blocked, id=19112, stack(0x000000b6f8400000,0x000000b6f8500000) (1024K)]
  0x000001faff42aee0 JavaThread "Notification Thread"        daemon [_thread_blocked, id=30316, stack(0x000000b6f8500000,0x000000b6f8600000) (1024K)]
  0x000001faff429b30 JavaThread "Daemon health stats"               [_thread_blocked, id=25552, stack(0x000000b6f8700000,0x000000b6f8800000) (1024K)]
  0x000001faff427a60 JavaThread "Incoming local TCP Connector on port 49902"        [_thread_in_native, id=29312, stack(0x000000b6f8c00000,0x000000b6f8d00000) (1024K)]
  0x000001faff428e10 JavaThread "Daemon periodic checks"            [_thread_blocked, id=21616, stack(0x000000b6f8d00000,0x000000b6f8e00000) (1024K)]
  0x000001faff4294a0 JavaThread "Daemon"                            [_thread_blocked, id=29484, stack(0x000000b6f8e00000,0x000000b6f8f00000) (1024K)]
  0x000001faff42a1c0 JavaThread "Handler for socket connection from /127.0.0.1:49902 to /127.0.0.1:49904"        [_thread_in_native, id=33096, stack(0x000000b6f8f00000,0x000000b6f9000000) (1024K)]
  0x000001fa9986bd50 JavaThread "Cancel handler"                    [_thread_blocked, id=6112, stack(0x000000b6f9500000,0x000000b6f9600000) (1024K)]
  0x000001fa9986b6c0 JavaThread "Daemon worker"                     [_thread_blocked, id=29460, stack(0x000000b6f9600000,0x000000b6f9700000) (1024K)]
  0x000001fa998688d0 JavaThread "Asynchronous log dispatcher for DefaultDaemonConnection: socket connection from /127.0.0.1:49902 to /127.0.0.1:49904"        [_thread_blocked, id=25544, stack(0x000000b6f9900000,0x000000b6f9a00000) (1024K)]
  0x000001fa998695f0 JavaThread "Stdin handler"                     [_thread_blocked, id=18524, stack(0x000000b6f9a00000,0x000000b6f9b00000) (1024K)]
  0x000001fa99868f60 JavaThread "Daemon client event forwarder"        [_thread_blocked, id=4224, stack(0x000000b6f9b00000,0x000000b6f9c00000) (1024K)]
  0x000001fa99869c80 JavaThread "Cache worker for journal cache (C:\Users\User\.gradle\caches\journal-1)"        [_thread_blocked, id=24236, stack(0x000000b6f9c00000,0x000000b6f9d00000) (1024K)]
  0x000001fa9986b030 JavaThread "File lock request listener"        [_thread_in_native, id=26868, stack(0x000000b6f9d00000,0x000000b6f9e00000) (1024K)]
  0x000001fa9986c3e0 JavaThread "Cache worker for file hash cache (C:\Users\User\.gradle\caches\9.3.1\fileHashes)"        [_thread_blocked, id=6720, stack(0x000000b6f9e00000,0x000000b6f9f00000) (1024K)]
  0x000001fa9986a310 JavaThread "Cache worker for file hash cache (C:\hlplf_pzpi-23-9_kurinna_daria\LB3\CourseApp\.gradle\9.3.1\fileHashes)"        [_thread_blocked, id=9340, stack(0x000000b6fa000000,0x000000b6fa100000) (1024K)]
  0x000001fa9986de20 JavaThread "Cache worker for Build Output Cleanup Cache (C:\hlplf_pzpi-23-9_kurinna_daria\LB3\CourseApp\.gradle\buildOutputCleanup)"        [_thread_blocked, id=23752, stack(0x000000b6fa100000,0x000000b6fa200000) (1024K)]
  0x000001fa9986a9a0 JavaThread "File watcher server"        daemon [_thread_in_native, id=17928, stack(0x000000b6fa200000,0x000000b6fa300000) (1024K)]
  0x000001fa9986e4b0 JavaThread "File watcher consumer"      daemon [_thread_blocked, id=18376, stack(0x000000b6fa300000,0x000000b6fa400000) (1024K)]
  0x000001fa9986eb40 JavaThread "Cache worker for checksums cache (C:\hlplf_pzpi-23-9_kurinna_daria\LB3\CourseApp\.gradle\9.3.1\checksums)"        [_thread_blocked, id=14776, stack(0x000000b6fa400000,0x000000b6fa500000) (1024K)]
  0x000001fa9986f1d0 JavaThread "Cache worker for file content cache (C:\Users\User\.gradle\caches\9.3.1\fileContent)"        [_thread_blocked, id=33360, stack(0x000000b6f9f00000,0x000000b6fa000000) (1024K)]
  0x000001fa9986f860 JavaThread "Cache worker for cache directory md-supplier (C:\Users\User\.gradle\caches\9.3.1\md-supplier)"        [_thread_blocked, id=13868, stack(0x000000b6fa500000,0x000000b6fa600000) (1024K)]
  0x000001fa9986fef0 JavaThread "Cache worker for cache directory md-rule (C:\Users\User\.gradle\caches\9.3.1\md-rule)"        [_thread_blocked, id=26708, stack(0x000000b6fa600000,0x000000b6fa700000) (1024K)]
  0x000001fa985e5c90 JavaThread "jar transforms"                    [_thread_blocked, id=33532, stack(0x000000b6fa700000,0x000000b6fa800000) (1024K)]
  0x000001fa985e69b0 JavaThread "jar transforms Thread 2"           [_thread_blocked, id=9568, stack(0x000000b6fa800000,0x000000b6fa900000) (1024K)]
  0x000001fa985e4f70 JavaThread "jar transforms Thread 3"           [_thread_blocked, id=20092, stack(0x000000b6faa00000,0x000000b6fab00000) (1024K)]
  0x000001fa985e4250 JavaThread "Unconstrained build operations"        [_thread_blocked, id=7884, stack(0x000000b6fab00000,0x000000b6fac00000) (1024K)]
  0x000001fa985e76d0 JavaThread "Unconstrained build operations Thread 2"        [_thread_blocked, id=15800, stack(0x000000b6fac00000,0x000000b6fad00000) (1024K)]
  0x000001fa985e5600 JavaThread "Unconstrained build operations Thread 3"        [_thread_blocked, id=14932, stack(0x000000b6fad00000,0x000000b6fae00000) (1024K)]
  0x000001fa985e6320 JavaThread "Unconstrained build operations Thread 4"        [_thread_blocked, id=11160, stack(0x000000b6fae00000,0x000000b6faf00000) (1024K)]
  0x000001fa985e7d60 JavaThread "Unconstrained build operations Thread 5"        [_thread_blocked, id=8732, stack(0x000000b6faf00000,0x000000b6fb000000) (1024K)]
  0x000001fa985e48e0 JavaThread "Unconstrained build operations Thread 6"        [_thread_blocked, id=19264, stack(0x000000b6fb000000,0x000000b6fb100000) (1024K)]
  0x000001fa985e83f0 JavaThread "Unconstrained build operations Thread 7"        [_thread_blocked, id=1976, stack(0x000000b6fb100000,0x000000b6fb200000) (1024K)]
  0x000001fa985e97a0 JavaThread "Unconstrained build operations Thread 8"        [_thread_blocked, id=19448, stack(0x000000b6fb200000,0x000000b6fb300000) (1024K)]
  0x000001fa985e8a80 JavaThread "Unconstrained build operations Thread 9"        [_thread_blocked, id=27012, stack(0x000000b6fb300000,0x000000b6fb400000) (1024K)]
  0x000001fa985e9110 JavaThread "Unconstrained build operations Thread 10"        [_thread_blocked, id=30928, stack(0x000000b6fb400000,0x000000b6fb500000) (1024K)]
  0x000001fa985eb1e0 JavaThread "Unconstrained build operations Thread 11"        [_thread_blocked, id=29612, stack(0x000000b6fb500000,0x000000b6fb600000) (1024K)]
  0x000001fa985ea4c0 JavaThread "Unconstrained build operations Thread 12"        [_thread_blocked, id=25992, stack(0x000000b6fb600000,0x000000b6fb700000) (1024K)]
  0x000001fa985e9e30 JavaThread "Unconstrained build operations Thread 13"        [_thread_blocked, id=4556, stack(0x000000b6fb700000,0x000000b6fb800000) (1024K)]
  0x000001fa985eab50 JavaThread "Unconstrained build operations Thread 14"        [_thread_blocked, id=8208, stack(0x000000b6fb800000,0x000000b6fb900000) (1024K)]
  0x000001fa9b83dc80 JavaThread "Unconstrained build operations Thread 15"        [_thread_blocked, id=1044, stack(0x000000b6fb900000,0x000000b6fba00000) (1024K)]
  0x000001fa9b83e310 JavaThread "Unconstrained build operations Thread 16"        [_thread_blocked, id=5744, stack(0x000000b6fba00000,0x000000b6fbb00000) (1024K)]
  0x000001fa9b83b520 JavaThread "Unconstrained build operations Thread 17"        [_thread_blocked, id=23008, stack(0x000000b6fbb00000,0x000000b6fbc00000) (1024K)]
  0x000001fa9b83bbb0 JavaThread "Unconstrained build operations Thread 18"        [_thread_blocked, id=27484, stack(0x000000b6fbc00000,0x000000b6fbd00000) (1024K)]
  0x000001fa9b83c240 JavaThread "Unconstrained build operations Thread 19"        [_thread_blocked, id=28680, stack(0x000000b6fbd00000,0x000000b6fbe00000) (1024K)]
  0x000001fa9b83d5f0 JavaThread "Unconstrained build operations Thread 20"        [_thread_blocked, id=25072, stack(0x000000b6fbe00000,0x000000b6fbf00000) (1024K)]
  0x000001fa9b83ae90 JavaThread "jar transforms Thread 4"           [_thread_blocked, id=28964, stack(0x000000b6fbf00000,0x000000b6fc000000) (1024K)]
  0x000001fa9b83f6c0 JavaThread "jar transforms Thread 5"           [_thread_blocked, id=20928, stack(0x000000b6fc000000,0x000000b6fc100000) (1024K)]
  0x000001fa9b83c8d0 JavaThread "Unconstrained build operations Thread 21"        [_thread_blocked, id=29052, stack(0x000000b6fc100000,0x000000b6fc200000) (1024K)]
  0x000001fa9b8403e0 JavaThread "Unconstrained build operations Thread 22"        [_thread_blocked, id=4396, stack(0x000000b6fc200000,0x000000b6fc300000) (1024K)]
  0x000001fa9b83cf60 JavaThread "Unconstrained build operations Thread 23"        [_thread_blocked, id=5708, stack(0x000000b6fc300000,0x000000b6fc400000) (1024K)]
  0x000001fa9b841100 JavaThread "Unconstrained build operations Thread 24"        [_thread_blocked, id=21052, stack(0x000000b6fc400000,0x000000b6fc500000) (1024K)]
  0x000001fa9b83f030 JavaThread "Unconstrained build operations Thread 25"        [_thread_blocked, id=21444, stack(0x000000b6fc500000,0x000000b6fc600000) (1024K)]
  0x000001fa9b83fd50 JavaThread "Unconstrained build operations Thread 26"        [_thread_blocked, id=33336, stack(0x000000b6fc600000,0x000000b6fc700000) (1024K)]
  0x000001fa9b841790 JavaThread "Unconstrained build operations Thread 27"        [_thread_blocked, id=15600, stack(0x000000b6fc700000,0x000000b6fc800000) (1024K)]
  0x000001fa9b840a70 JavaThread "Unconstrained build operations Thread 28"        [_thread_in_Java, id=25428, stack(0x000000b6fc800000,0x000000b6fc900000) (1024K)]
  0x000001fa9b841e20 JavaThread "Unconstrained build operations Thread 29"        [_thread_in_Java, id=24608, stack(0x000000b6fc900000,0x000000b6fca00000) (1024K)]
  0x000001fa9b83e9a0 JavaThread "Unconstrained build operations Thread 30"        [_thread_in_Java, id=22928, stack(0x000000b6fca00000,0x000000b6fcb00000) (1024K)]
  0x000001fa9b8424b0 JavaThread "jar transforms Thread 6"           [_thread_blocked, id=31932, stack(0x000000b6fcb00000,0x000000b6fcc00000) (1024K)]
  0x000001fa9b2b45e0 JavaThread "jar transforms Thread 7"           [_thread_blocked, id=32132, stack(0x000000b6fcc00000,0x000000b6fcd00000) (1024K)]
  0x000001fa9b2b5300 JavaThread "jar transforms Thread 8"           [_thread_blocked, id=3608, stack(0x000000b6fcd00000,0x000000b6fce00000) (1024K)]
  0x000001fa9b2b73d0 JavaThread "Unconstrained build operations Thread 31"        [_thread_blocked, id=3788, stack(0x000000b6fce00000,0x000000b6fcf00000) (1024K)]
  0x000001fa9b2b4c70 JavaThread "Unconstrained build operations Thread 32"        [_thread_in_Java, id=30188, stack(0x000000b6fcf00000,0x000000b6fd000000) (1024K)]
  0x000001fa9b2b5990 JavaThread "Unconstrained build operations Thread 33"        [_thread_blocked, id=19836, stack(0x000000b6fd000000,0x000000b6fd100000) (1024K)]
  0x000001fa9b2b6020 JavaThread "Unconstrained build operations Thread 34"        [_thread_blocked, id=7256, stack(0x000000b6fd100000,0x000000b6fd200000) (1024K)]
  0x000001fa9b2b8780 JavaThread "Unconstrained build operations Thread 35"        [_thread_blocked, id=17392, stack(0x000000b6fd200000,0x000000b6fd300000) (1024K)]
  0x000001fa9b2b8e10 JavaThread "Unconstrained build operations Thread 36"        [_thread_blocked, id=17996, stack(0x000000b6fd300000,0x000000b6fd400000) (1024K)]
  0x000001fa9b2b7a60 JavaThread "Unconstrained build operations Thread 37"        [_thread_blocked, id=33008, stack(0x000000b6fd400000,0x000000b6fd500000) (1024K)]
  0x000001fa9b2b80f0 JavaThread "Unconstrained build operations Thread 38"        [_thread_blocked, id=33080, stack(0x000000b6fd500000,0x000000b6fd600000) (1024K)]
  0x000001fa9b2b94a0 JavaThread "Unconstrained build operations Thread 39"        [_thread_blocked, id=21388, stack(0x000000b6fd600000,0x000000b6fd700000) (1024K)]
  0x000001fa9b2b9b30 JavaThread "Unconstrained build operations Thread 40"        [_thread_blocked, id=15852, stack(0x000000b6fd700000,0x000000b6fd800000) (1024K)]
  0x000001fa9b2b66b0 JavaThread "Unconstrained build operations Thread 41"        [_thread_blocked, id=11748, stack(0x000000b6fd800000,0x000000b6fd900000) (1024K)]
  0x000001fa9b2bb570 JavaThread "Unconstrained build operations Thread 42"        [_thread_blocked, id=22152, stack(0x000000b6fd900000,0x000000b6fda00000) (1024K)]
  0x000001fa9b2ba1c0 JavaThread "Unconstrained build operations Thread 43"        [_thread_blocked, id=7956, stack(0x000000b6fda00000,0x000000b6fdb00000) (1024K)]
  0x000001fa9b2ba850 JavaThread "Unconstrained build operations Thread 44"        [_thread_blocked, id=15668, stack(0x000000b6fdb00000,0x000000b6fdc00000) (1024K)]
  0x000001fa9b2baee0 JavaThread "Unconstrained build operations Thread 45"        [_thread_blocked, id=18996, stack(0x000000b6fdc00000,0x000000b6fdd00000) (1024K)]
  0x000001faff428780 JavaThread "Unconstrained build operations Thread 46"        [_thread_blocked, id=17196, stack(0x000000b6fdd00000,0x000000b6fde00000) (1024K)]
  0x000001fa9c939fe0 JavaThread "Unconstrained build operations Thread 47"        [_thread_blocked, id=30436, stack(0x000000b6fde00000,0x000000b6fdf00000) (1024K)]
  0x000001fa9c9392c0 JavaThread "Unconstrained build operations Thread 48"        [_thread_blocked, id=8804, stack(0x000000b6fdf00000,0x000000b6fe000000) (1024K)]
  0x000001fa9c93ba20 JavaThread "Unconstrained build operations Thread 49"        [_thread_blocked, id=21956, stack(0x000000b6fe000000,0x000000b6fe100000) (1024K)]
  0x000001fa9c93ad00 JavaThread "Unconstrained build operations Thread 50"        [_thread_blocked, id=26880, stack(0x000000b6fe100000,0x000000b6fe200000) (1024K)]
  0x000001fa9c93a670 JavaThread "Unconstrained build operations Thread 51"        [_thread_blocked, id=18232, stack(0x000000b6fe200000,0x000000b6fe300000) (1024K)]
  0x000001fa9c93b390 JavaThread "Unconstrained build operations Thread 52"        [_thread_blocked, id=30176, stack(0x000000b6fe300000,0x000000b6fe400000) (1024K)]
  0x000001fa9c939950 JavaThread "Unconstrained build operations Thread 53"        [_thread_blocked, id=3196, stack(0x000000b6fe400000,0x000000b6fe500000) (1024K)]
  0x000001fa9c938c30 JavaThread "Unconstrained build operations Thread 54"        [_thread_blocked, id=27512, stack(0x000000b6fe500000,0x000000b6fe600000) (1024K)]
  0x000001fa9c93cdd0 JavaThread "Unconstrained build operations Thread 55"        [_thread_blocked, id=8700, stack(0x000000b6fe600000,0x000000b6fe700000) (1024K)]
  0x000001fa9c93c740 JavaThread "Unconstrained build operations Thread 56"        [_thread_blocked, id=5756, stack(0x000000b6fe700000,0x000000b6fe800000) (1024K)]
  0x000001fa9c93f530 JavaThread "Unconstrained build operations Thread 57"        [_thread_blocked, id=26484, stack(0x000000b6fe800000,0x000000b6fe900000) (1024K)]
  0x000001fa9c93e810 JavaThread "Unconstrained build operations Thread 58"        [_thread_blocked, id=14028, stack(0x000000b6fe900000,0x000000b6fea00000) (1024K)]
  0x000001fa9c93e180 JavaThread "Unconstrained build operations Thread 59"        [_thread_blocked, id=21688, stack(0x000000b6fea00000,0x000000b6feb00000) (1024K)]
  0x000001fa9c93eea0 JavaThread "Unconstrained build operations Thread 60"        [_thread_blocked, id=4832, stack(0x000000b6feb00000,0x000000b6fec00000) (1024K)]
  0x000001fa9c93c0b0 JavaThread "Unconstrained build operations Thread 61"        [_thread_blocked, id=24660, stack(0x000000b6fec00000,0x000000b6fed00000) (1024K)]
  0x000001fa9c93fbc0 JavaThread "Unconstrained build operations Thread 62"        [_thread_blocked, id=14388, stack(0x000000b6fed00000,0x000000b6fee00000) (1024K)]
  0x000001fa9c940250 JavaThread "Unconstrained build operations Thread 63"        [_thread_blocked, id=21232, stack(0x000000b6fee00000,0x000000b6fef00000) (1024K)]
  0x000001fa9c93d460 JavaThread "Unconstrained build operations Thread 64"        [_thread_blocked, id=14824, stack(0x000000b6fef00000,0x000000b6ff000000) (1024K)]
  0x000001fa9c93daf0 JavaThread "Unconstrained build operations Thread 65"        [_thread_blocked, id=18328, stack(0x000000b6ff000000,0x000000b6ff100000) (1024K)]
  0x000001fa9d4dade0 JavaThread "Unconstrained build operations Thread 66"        [_thread_blocked, id=33304, stack(0x000000b6ff100000,0x000000b6ff200000) (1024K)]
  0x000001fa9d4d8680 JavaThread "build event listener"              [_thread_blocked, id=23740, stack(0x000000b6fa900000,0x000000b6faa00000) (1024K)]
  0x000001fa9d4db470 JavaThread "Memory manager"                    [_thread_blocked, id=18520, stack(0x000000b6ff200000,0x000000b6ff300000) (1024K)]
  0x000001fa9d4dfca0 JavaThread "build event listener"              [_thread_blocked, id=26656, stack(0x000000b6ff300000,0x000000b6ff400000) (1024K)]
  0x000001faa37015c0 JavaThread "included builds"                   [_thread_blocked, id=29204, stack(0x000000b6ff500000,0x000000b6ff600000) (1024K)]
  0x000001faa3703000 JavaThread "Execution worker"                  [_thread_blocked, id=31564, stack(0x000000b6ff600000,0x000000b6ff700000) (1024K)]
  0x000001faa3700210 JavaThread "Execution worker Thread 2"         [_thread_blocked, id=27216, stack(0x000000b6ff700000,0x000000b6ff800000) (1024K)]
  0x000001faa36ffb80 JavaThread "Execution worker Thread 3"         [_thread_blocked, id=28928, stack(0x000000b6ff800000,0x000000b6ff900000) (1024K)]
  0x000001faa37008a0 JavaThread "Execution worker Thread 4"         [_thread_blocked, id=20276, stack(0x000000b6ff900000,0x000000b6ffa00000) (1024K)]
  0x000001faa37043b0 JavaThread "Execution worker Thread 5"         [_thread_blocked, id=10832, stack(0x000000b6ffa00000,0x000000b6ffb00000) (1024K)]
  0x000001faa3701c50 JavaThread "Execution worker Thread 6"         [_thread_blocked, id=15372, stack(0x000000b6ffb00000,0x000000b6ffc00000) (1024K)]
  0x000001faa3703690 JavaThread "Execution worker Thread 7"         [_thread_blocked, id=33524, stack(0x000000b6ffc00000,0x000000b6ffd00000) (1024K)]
  0x000001faa3702970 JavaThread "Execution worker Thread 8"         [_thread_blocked, id=9764, stack(0x000000b6ffd00000,0x000000b6ffe00000) (1024K)]
  0x000001faa37022e0 JavaThread "Execution worker Thread 9"         [_thread_blocked, id=19192, stack(0x000000b6ffe00000,0x000000b6fff00000) (1024K)]
  0x000001faa3703d20 JavaThread "Execution worker Thread 10"        [_thread_blocked, id=28120, stack(0x000000b6fff00000,0x000000b700000000) (1024K)]
  0x000001faa3700f30 JavaThread "Execution worker Thread 11"        [_thread_blocked, id=3416, stack(0x000000b680000000,0x000000b680100000) (1024K)]
  0x000001faa37050d0 JavaThread "Cache worker for execution history cache (C:\hlplf_pzpi-23-9_kurinna_daria\LB3\CourseApp\.gradle\9.3.1\executionHistory)"        [_thread_blocked, id=12128, stack(0x000000b680100000,0x000000b680200000) (1024K)]
  0x000001fa9e6a88a0 JavaThread "C2 CompilerThread1"         daemon [_thread_in_native, id=9480, stack(0x000000b680200000,0x000000b680300000) (1024K)]
  0x000001faa3706480 JavaThread "Unconstrained build operations Thread 67"        [_thread_blocked, id=24336, stack(0x000000b680300000,0x000000b680400000) (1024K)]
  0x000001faa3706b10 JavaThread "Unconstrained build operations Thread 68"        [_thread_blocked, id=6748, stack(0x000000b680400000,0x000000b680500000) (1024K)]
  0x000001faa3705760 JavaThread "Unconstrained build operations Thread 69"        [_thread_blocked, id=32356, stack(0x000000b680500000,0x000000b680600000) (1024K)]
  0x000001faa3704a40 JavaThread "Unconstrained build operations Thread 70"        [_thread_blocked, id=10472, stack(0x000000b680600000,0x000000b680700000) (1024K)]
  0x000001faa3705df0 JavaThread "Unconstrained build operations Thread 71"        [_thread_blocked, id=24824, stack(0x000000b680700000,0x000000b680800000) (1024K)]
  0x000001faa37071a0 JavaThread "Unconstrained build operations Thread 72"        [_thread_blocked, id=29680, stack(0x000000b680800000,0x000000b680900000) (1024K)]
  0x000001faa38b6340 JavaThread "Unconstrained build operations Thread 73"        [_thread_blocked, id=15080, stack(0x000000b680900000,0x000000b680a00000) (1024K)]
  0x000001faa38b76f0 JavaThread "Unconstrained build operations Thread 74"        [_thread_blocked, id=5236, stack(0x000000b680a00000,0x000000b680b00000) (1024K)]
  0x000001faa38b4f90 JavaThread "Unconstrained build operations Thread 75"        [_thread_blocked, id=11180, stack(0x000000b680b00000,0x000000b680c00000) (1024K)]
  0x000001faa38b8410 JavaThread "Unconstrained build operations Thread 76"        [_thread_blocked, id=31984, stack(0x000000b680c00000,0x000000b680d00000) (1024K)]
  0x000001faa38b5cb0 JavaThread "Unconstrained build operations Thread 77"        [_thread_blocked, id=24068, stack(0x000000b680d00000,0x000000b680e00000) (1024K)]
  0x000001faa36e0200 JavaThread "Unconstrained build operations Thread 78"        [_thread_blocked, id=28532, stack(0x000000b680f00000,0x000000b681000000) (1024K)]
  0x000001faa36de7c0 JavaThread "WorkerExecutor Queue"              [_thread_blocked, id=18172, stack(0x000000b681000000,0x000000b681100000) (1024K)]
  0x000001faa36dc6f0 JavaThread "WorkerExecutor Queue Thread 2"        [_thread_blocked, id=31084, stack(0x000000b681100000,0x000000b681200000) (1024K)]
  0x000001faa36ddaa0 JavaThread "Unconstrained build operations Thread 79"        [_thread_blocked, id=25460, stack(0x000000b681200000,0x000000b681300000) (1024K)]
  0x000001faa36dcd80 JavaThread "Unconstrained build operations Thread 80"        [_thread_blocked, id=31044, stack(0x000000b681300000,0x000000b681400000) (1024K)]
  0x000001faa36dee50 JavaThread "Unconstrained build operations Thread 81"        [_thread_blocked, id=18064, stack(0x000000b681400000,0x000000b681500000) (1024K)]
  0x000001faa36dd410 JavaThread "Unconstrained build operations Thread 82"        [_thread_blocked, id=25852, stack(0x000000b681500000,0x000000b681600000) (1024K)]
  0x000001faa36db9d0 JavaThread "Unconstrained build operations Thread 83"        [_thread_blocked, id=7004, stack(0x000000b681600000,0x000000b681700000) (1024K)]
  0x000001faa36e1c40 JavaThread "Unconstrained build operations Thread 84"        [_thread_blocked, id=10716, stack(0x000000b681700000,0x000000b681800000) (1024K)]
  0x000001faa36e0890 JavaThread "Unconstrained build operations Thread 85"        [_thread_blocked, id=33236, stack(0x000000b681800000,0x000000b681900000) (1024K)]
  0x000001faa36dfb70 JavaThread "Unconstrained build operations Thread 86"        [_thread_blocked, id=22104, stack(0x000000b681900000,0x000000b681a00000) (1024K)]
  0x000001faa36e0f20 JavaThread "Unconstrained build operations Thread 87"        [_thread_blocked, id=9852, stack(0x000000b681a00000,0x000000b681b00000) (1024K)]
  0x000001faa36e15b0 JavaThread "Unconstrained build operations Thread 88"        [_thread_blocked, id=26784, stack(0x000000b681b00000,0x000000b681c00000) (1024K)]
  0x000001faa36e22d0 JavaThread "Unconstrained build operations Thread 89"        [_thread_blocked, id=2612, stack(0x000000b681c00000,0x000000b681d00000) (1024K)]
  0x000001faa36de130 JavaThread "WorkerExecutor Queue Thread 3"        [_thread_in_native, id=5796, stack(0x000000b681d00000,0x000000b681e00000) (1024K)]
  0x000001faa36e2960 JavaThread "Unconstrained build operations Thread 90"        [_thread_blocked, id=18724, stack(0x000000b681e00000,0x000000b681f00000) (1024K)]
  0x000001faa36e6470 JavaThread "Unconstrained build operations Thread 91"        [_thread_blocked, id=28296, stack(0x000000b681f00000,0x000000b682000000) (1024K)]
  0x000001faa36e2ff0 JavaThread "Unconstrained build operations Thread 92"        [_thread_blocked, id=30812, stack(0x000000b682000000,0x000000b682100000) (1024K)]
  0x000001faa36e6b00 JavaThread "Unconstrained build operations Thread 93"        [_thread_blocked, id=5136, stack(0x000000b682100000,0x000000b682200000) (1024K)]
  0x000001faa36e3d10 JavaThread "Unconstrained build operations Thread 94"        [_thread_blocked, id=10500, stack(0x000000b682200000,0x000000b682300000) (1024K)]
  0x000001faa36e3680 JavaThread "Unconstrained build operations Thread 95"        [_thread_blocked, id=2084, stack(0x000000b682300000,0x000000b682400000) (1024K)]
  0x000001faa36e4a30 JavaThread "Unconstrained build operations Thread 96"        [_thread_blocked, id=33772, stack(0x000000b682400000,0x000000b682500000) (1024K)]
  0x000001faa36e7190 JavaThread "Unconstrained build operations Thread 97"        [_thread_blocked, id=18368, stack(0x000000b682500000,0x000000b682600000) (1024K)]
  0x000001faa36e7820 JavaThread "Unconstrained build operations Thread 98"        [_thread_blocked, id=21332, stack(0x000000b682600000,0x000000b682700000) (1024K)]
  0x000001faa36e43a0 JavaThread "Unconstrained build operations Thread 99"        [_thread_blocked, id=8372, stack(0x000000b682700000,0x000000b682800000) (1024K)]
  0x000001faa36e7eb0 JavaThread "Unconstrained build operations Thread 100"        [_thread_blocked, id=22260, stack(0x000000b682800000,0x000000b682900000) (1024K)]
  0x000001faa3010e00 JavaThread "WorkerExecutor Queue Thread 4"        [_thread_blocked, id=7388, stack(0x000000b682900000,0x000000b682a00000) (1024K)]
  0x000001faa3013560 JavaThread "Unconstrained build operations Thread 101"        [_thread_blocked, id=24048, stack(0x000000b682a00000,0x000000b682b00000) (1024K)]
  0x000001faa3011b20 JavaThread "Unconstrained build operations Thread 102"        [_thread_blocked, id=15032, stack(0x000000b682b00000,0x000000b682c00000) (1024K)]
  0x000001faa3011490 JavaThread "Unconstrained build operations Thread 103"        [_thread_blocked, id=15552, stack(0x000000b682c00000,0x000000b682d00000) (1024K)]
  0x000001faa30100e0 JavaThread "Unconstrained build operations Thread 104"        [_thread_blocked, id=5664, stack(0x000000b682d00000,0x000000b682e00000) (1024K)]
  0x000001faa3012840 JavaThread "Unconstrained build operations Thread 105"        [_thread_blocked, id=2160, stack(0x000000b682e00000,0x000000b682f00000) (1024K)]
  0x000001faa30121b0 JavaThread "Unconstrained build operations Thread 106"        [_thread_blocked, id=9184, stack(0x000000b682f00000,0x000000b683000000) (1024K)]
  0x000001faa3010770 JavaThread "Unconstrained build operations Thread 107"        [_thread_blocked, id=26180, stack(0x000000b683000000,0x000000b683100000) (1024K)]
  0x000001faa3016350 JavaThread "Unconstrained build operations Thread 108"        [_thread_blocked, id=13684, stack(0x000000b683100000,0x000000b683200000) (1024K)]
  0x000001faa3014910 JavaThread "Unconstrained build operations Thread 109"        [_thread_blocked, id=14676, stack(0x000000b683200000,0x000000b683300000) (1024K)]
  0x000001faa3012ed0 JavaThread "Unconstrained build operations Thread 110"        [_thread_blocked, id=18476, stack(0x000000b683300000,0x000000b683400000) (1024K)]
  0x000001faa3017070 JavaThread "Unconstrained build operations Thread 111"        [_thread_blocked, id=15348, stack(0x000000b683400000,0x000000b683500000) (1024K)]
  0x000001faa3015630 JavaThread "WorkerExecutor Queue Thread 5"        [_thread_blocked, id=26920, stack(0x000000b683500000,0x000000b683600000) (1024K)]
  0x000001faa3013bf0 JavaThread "Unconstrained build operations Thread 112"        [_thread_blocked, id=30844, stack(0x000000b683600000,0x000000b683700000) (1024K)]
  0x000001faa3017700 JavaThread "Unconstrained build operations Thread 113"        [_thread_blocked, id=3536, stack(0x000000b683700000,0x000000b683800000) (1024K)]
  0x000001faa3014280 JavaThread "Unconstrained build operations Thread 114"        [_thread_blocked, id=19604, stack(0x000000b683800000,0x000000b683900000) (1024K)]
  0x000001faa3017d90 JavaThread "Unconstrained build operations Thread 115"        [_thread_blocked, id=4420, stack(0x000000b683900000,0x000000b683a00000) (1024K)]
  0x000001faa30169e0 JavaThread "Unconstrained build operations Thread 116"        [_thread_blocked, id=4644, stack(0x000000b683a00000,0x000000b683b00000) (1024K)]
  0x000001faa301b8a0 JavaThread "Unconstrained build operations Thread 117"        [_thread_blocked, id=27896, stack(0x000000b683b00000,0x000000b683c00000) (1024K)]
  0x000001faa301ab80 JavaThread "Unconstrained build operations Thread 118"        [_thread_blocked, id=11348, stack(0x000000b683c00000,0x000000b683d00000) (1024K)]
  0x000001faa301b210 JavaThread "Unconstrained build operations Thread 119"        [_thread_blocked, id=15256, stack(0x000000b683d00000,0x000000b683e00000) (1024K)]
  0x000001faa3018420 JavaThread "Unconstrained build operations Thread 120"        [_thread_blocked, id=7460, stack(0x000000b683e00000,0x000000b683f00000) (1024K)]
  0x000001fa9e2670a0 JavaThread "WorkerExecutor Queue Thread 6"        [_thread_blocked, id=3344, stack(0x000000b680e00000,0x000000b680f00000) (1024K)]
=>0x000001fa9e588c00 JavaThread "C2 CompilerThread2"         daemon [_thread_in_native, id=32136, stack(0x000000b683f00000,0x000000b684000000) (1024K)]
  0x000001fa9e268450 JavaThread "RMI Scheduler(0)"           daemon [_thread_blocked, id=23800, stack(0x000000b684000000,0x000000b684100000) (1024K)]
  0x000001fa9e268ae0 JavaThread "RMI RenewClean-[127.0.0.1:17369,org.jetbrains.kotlin.daemon.common.LoopbackNetworkInterface$ClientLoopbackSocketFactory@3103d278]" daemon [_thread_blocked, id=21328, stack(0x000000b684100000,0x000000b684200000) (1024K)]
  0x000001fa9e265660 JavaThread "RMI GC Daemon"              daemon [_thread_blocked, id=19236, stack(0x000000b684200000,0x000000b684300000) (1024K)]
  0x000001fa9e269170 JavaThread "RMI TCP Accept-0"           daemon [_thread_in_native, id=20840, stack(0x000000b684300000,0x000000b684400000) (1024K)]
  0x000001fa9e265cf0 JavaThread "RMI Reaper"                        [_thread_blocked, id=28664, stack(0x000000b684400000,0x000000b684500000) (1024K)]
  0x000001fa9e26b240 JavaThread "RMI TCP Connection(1)-127.0.0.1" daemon [_thread_in_native, id=32868, stack(0x000000b684500000,0x000000b684600000) (1024K)]
Total: 190

Other Threads:
  0x000001faff3aa3a0 VMThread "VM Thread"                           [id=24432, stack(0x000000b6f7b00000,0x000000b6f7c00000) (1024K)]
  0x000001faff28f790 WatcherThread "VM Periodic Task Thread"        [id=17328, stack(0x000000b6f7a00000,0x000000b6f7b00000) (1024K)]
  0x000001fafa7f44f0 WorkerThread "GC Thread#0"                     [id=5112, stack(0x000000b6f7500000,0x000000b6f7600000) (1024K)]
  0x000001fa9722b840 WorkerThread "GC Thread#1"                     [id=23048, stack(0x000000b6f8800000,0x000000b6f8900000) (1024K)]
  0x000001fa9722bbf0 WorkerThread "GC Thread#2"                     [id=24928, stack(0x000000b6f8900000,0x000000b6f8a00000) (1024K)]
  0x000001fa9722bfa0 WorkerThread "GC Thread#3"                     [id=28888, stack(0x000000b6f8a00000,0x000000b6f8b00000) (1024K)]
  0x000001fa97603e90 WorkerThread "GC Thread#4"                     [id=27424, stack(0x000000b6f8b00000,0x000000b6f8c00000) (1024K)]
  0x000001fa99a9e670 WorkerThread "GC Thread#5"                     [id=4200, stack(0x000000b6f9000000,0x000000b6f9100000) (1024K)]
  0x000001fa99a9f040 WorkerThread "GC Thread#6"                     [id=9700, stack(0x000000b6f9100000,0x000000b6f9200000) (1024K)]
  0x000001fa99764330 WorkerThread "GC Thread#7"                     [id=3468, stack(0x000000b6f9200000,0x000000b6f9300000) (1024K)]
  0x000001fa997646e0 WorkerThread "GC Thread#8"                     [id=7104, stack(0x000000b6f9300000,0x000000b6f9400000) (1024K)]
  0x000001fa997655a0 WorkerThread "GC Thread#9"                     [id=22300, stack(0x000000b6f9400000,0x000000b6f9500000) (1024K)]
  0x000001fafa8053f0 ConcurrentGCThread "G1 Main Marker"            [id=20280, stack(0x000000b6f7600000,0x000000b6f7700000) (1024K)]
  0x000001fafa806c50 WorkerThread "G1 Conc#0"                       [id=19948, stack(0x000000b6f7700000,0x000000b6f7800000) (1024K)]
  0x000001fa99763bd0 WorkerThread "G1 Conc#1"                       [id=5220, stack(0x000000b6f9700000,0x000000b6f9800000) (1024K)]
  0x000001fa99764a90 WorkerThread "G1 Conc#2"                       [id=26500, stack(0x000000b6f9800000,0x000000b6f9900000) (1024K)]
  0x000001faff1e56d0 ConcurrentGCThread "G1 Refine#0"               [id=17404, stack(0x000000b6f7800000,0x000000b6f7900000) (1024K)]
  0x000001faff1e7010 ConcurrentGCThread "G1 Service"                [id=1484, stack(0x000000b6f7900000,0x000000b6f7a00000) (1024K)]
Total: 18

Threads with active compile tasks:
C2 CompilerThread0  49761 24590 %     4       com.android.tools.r8.internal.t81::a @ 1863 (3877 bytes)
C2 CompilerThread1  49761 24165 %     4       com.android.tools.r8.internal.ca2::a @ 1229 (3042 bytes)
C2 CompilerThread2  49761 24642       4       com.android.tools.r8.internal.ca2::a (2026 bytes)
Total: 3

VM state: not at safepoint (normal execution)

VM Mutex/Monitor currently owned by a thread: None

Heap address: 0x0000000080000000, size: 2048 MB, Compressed Oops mode: 32-bit

CDS archive(s) not mapped
Compressed class space mapped at: 0x0000000100000000-0x0000000140000000, reserved size: 1073741824
Narrow klass base: 0x0000000000000000, Narrow klass shift: 3, Narrow klass range: 0x140000000

GC Precious Log:
 CardTable entry size: 512
 Card Set container configuration: InlinePtr #cards 5 size 8 Array Of Cards #cards 12 size 40 Howl #buckets 4 coarsen threshold 1843 Howl Bitmap #cards 512 size 80 coarsen threshold 460 Card regions per heap region 1 cards per card region 2048
 CPUs: 12 total, 12 available
 Memory: 15681M
 Large Page Support: Disabled
 NUMA Support: Disabled
 Compressed Oops: Enabled (32-bit)
 Heap Region Size: 1M
 Heap Min Capacity: 8M
 Heap Initial Capacity: 246M
 Heap Max Capacity: 2G
 Pre-touch: Disabled
 Parallel Workers: 10
 Concurrent Workers: 3
 Concurrent Refinement Workers: 10
 Periodic GC: Disabled

Heap:
 garbage-first heap   total 441344K, used 234757K [0x0000000080000000, 0x0000000100000000)
  region size 1024K, 25 young (25600K), 9 survivors (9216K)
 Metaspace       used 151619K, committed 154112K, reserved 1245184K
  class space    used 21236K, committed 22464K, reserved 1048576K

Heap Regions: E=young(eden), S=young(survivor), O=old, HS=humongous(starts), HC=humongous(continues), CS=collection set, F=free, TAMS=top-at-mark-start, PB=parsable bottom
|   0|0x0000000080000000, 0x0000000080100000, 0x0000000080100000|100%|HS|  |TAMS 0x0000000080100000| PB 0x0000000080000000| Complete 
|   1|0x0000000080100000, 0x0000000080200000, 0x0000000080200000|100%|HC|  |TAMS 0x0000000080200000| PB 0x0000000080100000| Complete 
|   2|0x0000000080200000, 0x0000000080300000, 0x0000000080300000|100%|HC|  |TAMS 0x0000000080300000| PB 0x0000000080200000| Complete 
|   3|0x0000000080300000, 0x0000000080400000, 0x0000000080400000|100%|HC|  |TAMS 0x0000000080400000| PB 0x0000000080300000| Complete 
|   4|0x0000000080400000, 0x0000000080500000, 0x0000000080500000|100%| O|  |TAMS 0x0000000080500000| PB 0x0000000080400000| Untracked 
|   5|0x0000000080500000, 0x0000000080600000, 0x0000000080600000|100%| O|  |TAMS 0x0000000080600000| PB 0x0000000080500000| Untracked 
|   6|0x0000000080600000, 0x0000000080700000, 0x0000000080700000|100%|HS|  |TAMS 0x0000000080700000| PB 0x0000000080600000| Complete 
|   7|0x0000000080700000, 0x0000000080800000, 0x0000000080800000|100%| O|  |TAMS 0x0000000080800000| PB 0x0000000080700000| Untracked 
|   8|0x0000000080800000, 0x0000000080900000, 0x0000000080900000|100%| O|  |TAMS 0x0000000080900000| PB 0x0000000080800000| Untracked 
|   9|0x0000000080900000, 0x0000000080a00000, 0x0000000080a00000|100%| O|  |TAMS 0x0000000080a00000| PB 0x0000000080900000| Untracked 
|  10|0x0000000080a00000, 0x0000000080b00000, 0x0000000080b00000|100%| O|  |TAMS 0x0000000080b00000| PB 0x0000000080a00000| Untracked 
|  11|0x0000000080b00000, 0x0000000080bfe1d8, 0x0000000080c00000| 99%| O|  |TAMS 0x0000000080bfe1d8| PB 0x0000000080b00000| Untracked 
|  12|0x0000000080c00000, 0x0000000080d00000, 0x0000000080d00000|100%| O|  |TAMS 0x0000000080d00000| PB 0x0000000080c00000| Untracked 
|  13|0x0000000080d00000, 0x0000000080e00000, 0x0000000080e00000|100%| O|  |TAMS 0x0000000080e00000| PB 0x0000000080d00000| Untracked 
|  14|0x0000000080e00000, 0x0000000080f00000, 0x0000000080f00000|100%| O|  |TAMS 0x0000000080f00000| PB 0x0000000080e00000| Untracked 
|  15|0x0000000080f00000, 0x0000000081000000, 0x0000000081000000|100%| O|  |TAMS 0x0000000081000000| PB 0x0000000080f00000| Untracked 
|  16|0x0000000081000000, 0x0000000081100000, 0x0000000081100000|100%| O|  |TAMS 0x0000000081100000| PB 0x0000000081000000| Untracked 
|  17|0x0000000081100000, 0x0000000081200000, 0x0000000081200000|100%| O|  |TAMS 0x0000000081200000| PB 0x0000000081100000| Untracked 
|  18|0x0000000081200000, 0x0000000081300000, 0x0000000081300000|100%| O|  |TAMS 0x0000000081300000| PB 0x0000000081200000| Untracked 
|  19|0x0000000081300000, 0x0000000081400000, 0x0000000081400000|100%| O|  |TAMS 0x0000000081400000| PB 0x0000000081300000| Untracked 
|  20|0x0000000081400000, 0x0000000081500000, 0x0000000081500000|100%| O|  |TAMS 0x0000000081500000| PB 0x0000000081400000| Untracked 
|  21|0x0000000081500000, 0x0000000081600000, 0x0000000081600000|100%| O|  |TAMS 0x0000000081600000| PB 0x0000000081500000| Untracked 
|  22|0x0000000081600000, 0x0000000081700000, 0x0000000081700000|100%| O|  |TAMS 0x0000000081700000| PB 0x0000000081600000| Untracked 
|  23|0x0000000081700000, 0x0000000081800000, 0x0000000081800000|100%| O|  |TAMS 0x0000000081800000| PB 0x0000000081700000| Untracked 
|  24|0x0000000081800000, 0x0000000081900000, 0x0000000081900000|100%| O|  |TAMS 0x0000000081900000| PB 0x0000000081800000| Untracked 
|  25|0x0000000081900000, 0x0000000081a00000, 0x0000000081a00000|100%| O|  |TAMS 0x0000000081a00000| PB 0x0000000081900000| Untracked 
|  26|0x0000000081a00000, 0x0000000081b00000, 0x0000000081b00000|100%| O|  |TAMS 0x0000000081b00000| PB 0x0000000081a00000| Untracked 
|  27|0x0000000081b00000, 0x0000000081c00000, 0x0000000081c00000|100%| O|  |TAMS 0x0000000081c00000| PB 0x0000000081b00000| Untracked 
|  28|0x0000000081c00000, 0x0000000081d00000, 0x0000000081d00000|100%| O|  |TAMS 0x0000000081d00000| PB 0x0000000081c00000| Untracked 
|  29|0x0000000081d00000, 0x0000000081e00000, 0x0000000081e00000|100%| O|  |TAMS 0x0000000081e00000| PB 0x0000000081d00000| Untracked 
|  30|0x0000000081e00000, 0x0000000081f00000, 0x0000000081f00000|100%| O|  |TAMS 0x0000000081f00000| PB 0x0000000081e00000| Untracked 
|  31|0x0000000081f00000, 0x0000000082000000, 0x0000000082000000|100%| O|  |TAMS 0x0000000082000000| PB 0x0000000081f00000| Untracked 
|  32|0x0000000082000000, 0x0000000082100000, 0x0000000082100000|100%| O|  |TAMS 0x0000000082100000| PB 0x0000000082000000| Untracked 
|  33|0x0000000082100000, 0x0000000082200000, 0x0000000082200000|100%|HS|  |TAMS 0x0000000082200000| PB 0x0000000082100000| Complete 
|  34|0x0000000082200000, 0x0000000082300000, 0x0000000082300000|100%|HC|  |TAMS 0x0000000082300000| PB 0x0000000082200000| Complete 
|  35|0x0000000082300000, 0x0000000082400000, 0x0000000082400000|100%| O|  |TAMS 0x0000000082400000| PB 0x0000000082300000| Untracked 
|  36|0x0000000082400000, 0x0000000082500000, 0x0000000082500000|100%| O|  |TAMS 0x0000000082500000| PB 0x0000000082400000| Untracked 
|  37|0x0000000082500000, 0x0000000082600000, 0x0000000082600000|100%| O|  |TAMS 0x0000000082600000| PB 0x0000000082500000| Untracked 
|  38|0x0000000082600000, 0x0000000082700000, 0x0000000082700000|100%| O|  |TAMS 0x0000000082700000| PB 0x0000000082600000| Untracked 
|  39|0x0000000082700000, 0x0000000082800000, 0x0000000082800000|100%|HS|  |TAMS 0x0000000082800000| PB 0x0000000082700000| Complete 
|  40|0x0000000082800000, 0x0000000082900000, 0x0000000082900000|100%| O|  |TAMS 0x0000000082900000| PB 0x0000000082800000| Untracked 
|  41|0x0000000082900000, 0x0000000082a00000, 0x0000000082a00000|100%| O|  |TAMS 0x0000000082a00000| PB 0x0000000082900000| Untracked 
|  42|0x0000000082a00000, 0x0000000082b00000, 0x0000000082b00000|100%| O|  |TAMS 0x0000000082b00000| PB 0x0000000082a00000| Untracked 
|  43|0x0000000082b00000, 0x0000000082c00000, 0x0000000082c00000|100%| O|  |TAMS 0x0000000082c00000| PB 0x0000000082b00000| Untracked 
|  44|0x0000000082c00000, 0x0000000082d00000, 0x0000000082d00000|100%| O|  |TAMS 0x0000000082d00000| PB 0x0000000082c00000| Untracked 
|  45|0x0000000082d00000, 0x0000000082e00000, 0x0000000082e00000|100%| O|  |TAMS 0x0000000082e00000| PB 0x0000000082d00000| Untracked 
|  46|0x0000000082e00000, 0x0000000082f00000, 0x0000000082f00000|100%| O|  |TAMS 0x0000000082f00000| PB 0x0000000082e00000| Untracked 
|  47|0x0000000082f00000, 0x0000000083000000, 0x0000000083000000|100%| O|  |TAMS 0x0000000083000000| PB 0x0000000082f00000| Untracked 
|  48|0x0000000083000000, 0x0000000083100000, 0x0000000083100000|100%| O|  |TAMS 0x0000000083100000| PB 0x0000000083000000| Untracked 
|  49|0x0000000083100000, 0x0000000083200000, 0x0000000083200000|100%| O|  |TAMS 0x0000000083200000| PB 0x0000000083100000| Untracked 
|  50|0x0000000083200000, 0x0000000083300000, 0x0000000083300000|100%| O|  |TAMS 0x0000000083300000| PB 0x0000000083200000| Untracked 
|  51|0x0000000083300000, 0x0000000083400000, 0x0000000083400000|100%| O|  |TAMS 0x0000000083400000| PB 0x0000000083300000| Untracked 
|  52|0x0000000083400000, 0x0000000083500000, 0x0000000083500000|100%|HS|  |TAMS 0x0000000083500000| PB 0x0000000083400000| Complete 
|  53|0x0000000083500000, 0x0000000083600000, 0x0000000083600000|100%|HS|  |TAMS 0x0000000083600000| PB 0x0000000083500000| Complete 
|  54|0x0000000083600000, 0x0000000083700000, 0x0000000083700000|100%|HC|  |TAMS 0x0000000083700000| PB 0x0000000083600000| Complete 
|  55|0x0000000083700000, 0x0000000083800000, 0x0000000083800000|100%|HS|  |TAMS 0x0000000083800000| PB 0x0000000083700000| Complete 
|  56|0x0000000083800000, 0x0000000083900000, 0x0000000083900000|100%|HS|  |TAMS 0x0000000083900000| PB 0x0000000083800000| Complete 
|  57|0x0000000083900000, 0x0000000083a00000, 0x0000000083a00000|100%| O|  |TAMS 0x0000000083a00000| PB 0x0000000083900000| Untracked 
|  58|0x0000000083a00000, 0x0000000083b00000, 0x0000000083b00000|100%|HS|  |TAMS 0x0000000083b00000| PB 0x0000000083a00000| Complete 
|  59|0x0000000083b00000, 0x0000000083c00000, 0x0000000083c00000|100%|HS|  |TAMS 0x0000000083c00000| PB 0x0000000083b00000| Complete 
|  60|0x0000000083c00000, 0x0000000083d00000, 0x0000000083d00000|100%|HS|  |TAMS 0x0000000083d00000| PB 0x0000000083c00000| Complete 
|  61|0x0000000083d00000, 0x0000000083e00000, 0x0000000083e00000|100%|HC|  |TAMS 0x0000000083e00000| PB 0x0000000083d00000| Complete 
|  62|0x0000000083e00000, 0x0000000083f00000, 0x0000000083f00000|100%| O|  |TAMS 0x0000000083f00000| PB 0x0000000083e00000| Untracked 
|  63|0x0000000083f00000, 0x0000000084000000, 0x0000000084000000|100%| O|  |TAMS 0x0000000084000000| PB 0x0000000083f00000| Untracked 
|  64|0x0000000084000000, 0x0000000084100000, 0x0000000084100000|100%| O|  |TAMS 0x0000000084100000| PB 0x0000000084000000| Untracked 
|  65|0x0000000084100000, 0x0000000084200000, 0x0000000084200000|100%| O|  |TAMS 0x0000000084200000| PB 0x0000000084100000| Untracked 
|  66|0x0000000084200000, 0x0000000084300000, 0x0000000084300000|100%| O|  |TAMS 0x0000000084300000| PB 0x0000000084200000| Untracked 
|  67|0x0000000084300000, 0x0000000084400000, 0x0000000084400000|100%| O|  |TAMS 0x0000000084400000| PB 0x0000000084300000| Untracked 
|  68|0x0000000084400000, 0x0000000084500000, 0x0000000084500000|100%| O|  |TAMS 0x0000000084500000| PB 0x0000000084400000| Untracked 
|  69|0x0000000084500000, 0x0000000084600000, 0x0000000084600000|100%| O|  |TAMS 0x0000000084600000| PB 0x0000000084500000| Untracked 
|  70|0x0000000084600000, 0x0000000084700000, 0x0000000084700000|100%|HS|  |TAMS 0x0000000084700000| PB 0x0000000084600000| Complete 
|  71|0x0000000084700000, 0x0000000084800000, 0x0000000084800000|100%| O|  |TAMS 0x0000000084800000| PB 0x0000000084700000| Untracked 
|  72|0x0000000084800000, 0x0000000084900000, 0x0000000084900000|100%| O|  |TAMS 0x0000000084900000| PB 0x0000000084800000| Untracked 
|  73|0x0000000084900000, 0x0000000084900000, 0x0000000084a00000|  0%| F|  |TAMS 0x0000000084900000| PB 0x0000000084900000| Untracked 
|  74|0x0000000084a00000, 0x0000000084b00000, 0x0000000084b00000|100%| O|  |TAMS 0x0000000084b00000| PB 0x0000000084a00000| Untracked 
|  75|0x0000000084b00000, 0x0000000084c00000, 0x0000000084c00000|100%| O|  |TAMS 0x0000000084c00000| PB 0x0000000084b00000| Untracked 
|  76|0x0000000084c00000, 0x0000000084d00000, 0x0000000084d00000|100%| O|  |TAMS 0x0000000084d00000| PB 0x0000000084c00000| Untracked 
|  77|0x0000000084d00000, 0x0000000084e00000, 0x0000000084e00000|100%| O|  |TAMS 0x0000000084e00000| PB 0x0000000084d00000| Untracked 
|  78|0x0000000084e00000, 0x0000000084f00000, 0x0000000084f00000|100%| O|  |TAMS 0x0000000084f00000| PB 0x0000000084e00000| Untracked 
|  79|0x0000000084f00000, 0x0000000085000000, 0x0000000085000000|100%| O|  |TAMS 0x0000000085000000| PB 0x0000000084f00000| Untracked 
|  80|0x0000000085000000, 0x0000000085100000, 0x0000000085100000|100%| O|  |TAMS 0x0000000085100000| PB 0x0000000085000000| Untracked 
|  81|0x0000000085100000, 0x0000000085200000, 0x0000000085200000|100%| O|  |TAMS 0x0000000085200000| PB 0x0000000085100000| Untracked 
|  82|0x0000000085200000, 0x0000000085300000, 0x0000000085300000|100%| O|  |TAMS 0x0000000085300000| PB 0x0000000085200000| Untracked 
|  83|0x0000000085300000, 0x0000000085400000, 0x0000000085400000|100%| O|  |TAMS 0x0000000085400000| PB 0x0000000085300000| Untracked 
|  84|0x0000000085400000, 0x0000000085500000, 0x0000000085500000|100%| O|  |TAMS 0x0000000085500000| PB 0x0000000085400000| Untracked 
|  85|0x0000000085500000, 0x0000000085600000, 0x0000000085600000|100%| O|  |TAMS 0x0000000085600000| PB 0x0000000085500000| Untracked 
|  86|0x0000000085600000, 0x0000000085700000, 0x0000000085700000|100%| O|  |TAMS 0x0000000085700000| PB 0x0000000085600000| Untracked 
|  87|0x0000000085700000, 0x0000000085800000, 0x0000000085800000|100%| O|  |TAMS 0x0000000085800000| PB 0x0000000085700000| Untracked 
|  88|0x0000000085800000, 0x0000000085900000, 0x0000000085900000|100%| O|  |TAMS 0x0000000085900000| PB 0x0000000085800000| Untracked 
|  89|0x0000000085900000, 0x0000000085a00000, 0x0000000085a00000|100%| O|  |TAMS 0x0000000085a00000| PB 0x0000000085900000| Untracked 
|  90|0x0000000085a00000, 0x0000000085b00000, 0x0000000085b00000|100%| O|  |TAMS 0x0000000085b00000| PB 0x0000000085a00000| Untracked 
|  91|0x0000000085b00000, 0x0000000085c00000, 0x0000000085c00000|100%| O|  |TAMS 0x0000000085c00000| PB 0x0000000085b00000| Untracked 
|  92|0x0000000085c00000, 0x0000000085d00000, 0x0000000085d00000|100%| O|  |TAMS 0x0000000085d00000| PB 0x0000000085c00000| Untracked 
|  93|0x0000000085d00000, 0x0000000085e00000, 0x0000000085e00000|100%| O|  |TAMS 0x0000000085e00000| PB 0x0000000085d00000| Untracked 
|  94|0x0000000085e00000, 0x0000000085f00000, 0x0000000085f00000|100%| O|  |TAMS 0x0000000085f00000| PB 0x0000000085e00000| Untracked 
|  95|0x0000000085f00000, 0x0000000086000000, 0x0000000086000000|100%| O|  |TAMS 0x0000000086000000| PB 0x0000000085f00000| Untracked 
|  96|0x0000000086000000, 0x0000000086100000, 0x0000000086100000|100%| O|  |TAMS 0x0000000086100000| PB 0x0000000086000000| Untracked 
|  97|0x0000000086100000, 0x0000000086200000, 0x0000000086200000|100%| O|  |TAMS 0x0000000086200000| PB 0x0000000086100000| Untracked 
|  98|0x0000000086200000, 0x0000000086300000, 0x0000000086300000|100%| O|  |TAMS 0x0000000086300000| PB 0x0000000086200000| Untracked 
|  99|0x0000000086300000, 0x0000000086400000, 0x0000000086400000|100%| O|  |TAMS 0x0000000086400000| PB 0x0000000086300000| Untracked 
| 100|0x0000000086400000, 0x0000000086500000, 0x0000000086500000|100%| O|  |TAMS 0x0000000086500000| PB 0x0000000086400000| Untracked 
| 101|0x0000000086500000, 0x0000000086600000, 0x0000000086600000|100%| O|  |TAMS 0x0000000086600000| PB 0x0000000086500000| Untracked 
| 102|0x0000000086600000, 0x0000000086700000, 0x0000000086700000|100%|HS|  |TAMS 0x0000000086700000| PB 0x0000000086600000| Complete 
| 103|0x0000000086700000, 0x0000000086800000, 0x0000000086800000|100%|HC|  |TAMS 0x0000000086800000| PB 0x0000000086700000| Complete 
| 104|0x0000000086800000, 0x0000000086900000, 0x0000000086900000|100%|HC|  |TAMS 0x0000000086900000| PB 0x0000000086800000| Complete 
| 105|0x0000000086900000, 0x0000000086a00000, 0x0000000086a00000|100%| O|  |TAMS 0x0000000086a00000| PB 0x0000000086900000| Untracked 
| 106|0x0000000086a00000, 0x0000000086b00000, 0x0000000086b00000|100%| O|  |TAMS 0x0000000086b00000| PB 0x0000000086a00000| Untracked 
| 107|0x0000000086b00000, 0x0000000086c00000, 0x0000000086c00000|100%| O|  |TAMS 0x0000000086c00000| PB 0x0000000086b00000| Untracked 
| 108|0x0000000086c00000, 0x0000000086d00000, 0x0000000086d00000|100%| O|  |TAMS 0x0000000086d00000| PB 0x0000000086c00000| Untracked 
| 109|0x0000000086d00000, 0x0000000086e00000, 0x0000000086e00000|100%| O|  |TAMS 0x0000000086e00000| PB 0x0000000086d00000| Untracked 
| 110|0x0000000086e00000, 0x0000000086f00000, 0x0000000086f00000|100%| O|  |TAMS 0x0000000086f00000| PB 0x0000000086e00000| Untracked 
| 111|0x0000000086f00000, 0x0000000087000000, 0x0000000087000000|100%| O|  |TAMS 0x0000000087000000| PB 0x0000000086f00000| Untracked 
| 112|0x0000000087000000, 0x0000000087100000, 0x0000000087100000|100%| O|  |TAMS 0x0000000087100000| PB 0x0000000087000000| Untracked 
| 113|0x0000000087100000, 0x0000000087200000, 0x0000000087200000|100%| O|  |TAMS 0x0000000087200000| PB 0x0000000087100000| Untracked 
| 114|0x0000000087200000, 0x0000000087300000, 0x0000000087300000|100%| O|  |TAMS 0x0000000087300000| PB 0x0000000087200000| Untracked 
| 115|0x0000000087300000, 0x0000000087400000, 0x0000000087400000|100%| O|  |TAMS 0x0000000087400000| PB 0x0000000087300000| Untracked 
| 116|0x0000000087400000, 0x0000000087500000, 0x0000000087500000|100%| O|  |TAMS 0x0000000087500000| PB 0x0000000087400000| Untracked 
| 117|0x0000000087500000, 0x0000000087600000, 0x0000000087600000|100%| O|  |TAMS 0x0000000087600000| PB 0x0000000087500000| Untracked 
| 118|0x0000000087600000, 0x0000000087700000, 0x0000000087700000|100%| O|  |TAMS 0x0000000087700000| PB 0x0000000087600000| Untracked 
| 119|0x0000000087700000, 0x0000000087800000, 0x0000000087800000|100%| O|  |TAMS 0x0000000087800000| PB 0x0000000087700000| Untracked 
| 120|0x0000000087800000, 0x0000000087900000, 0x0000000087900000|100%| O|  |TAMS 0x0000000087900000| PB 0x0000000087800000| Untracked 
| 121|0x0000000087900000, 0x0000000087a00000, 0x0000000087a00000|100%| O|  |TAMS 0x0000000087a00000| PB 0x0000000087900000| Untracked 
| 122|0x0000000087a00000, 0x0000000087b00000, 0x0000000087b00000|100%| O|  |TAMS 0x0000000087b00000| PB 0x0000000087a00000| Untracked 
| 123|0x0000000087b00000, 0x0000000087c00000, 0x0000000087c00000|100%| O|  |TAMS 0x0000000087c00000| PB 0x0000000087b00000| Untracked 
| 124|0x0000000087c00000, 0x0000000087d00000, 0x0000000087d00000|100%| O|  |TAMS 0x0000000087d00000| PB 0x0000000087c00000| Untracked 
| 125|0x0000000087d00000, 0x0000000087e00000, 0x0000000087e00000|100%| O|  |TAMS 0x0000000087e00000| PB 0x0000000087d00000| Untracked 
| 126|0x0000000087e00000, 0x0000000087f00000, 0x0000000087f00000|100%| O|  |TAMS 0x0000000087f00000| PB 0x0000000087e00000| Untracked 
| 127|0x0000000087f00000, 0x0000000088000000, 0x0000000088000000|100%| O|  |TAMS 0x0000000088000000| PB 0x0000000087f00000| Untracked 
| 128|0x0000000088000000, 0x0000000088100000, 0x0000000088100000|100%| O|  |TAMS 0x0000000088100000| PB 0x0000000088000000| Untracked 
| 129|0x0000000088100000, 0x0000000088200000, 0x0000000088200000|100%| O|  |TAMS 0x0000000088200000| PB 0x0000000088100000| Untracked 
| 130|0x0000000088200000, 0x0000000088300000, 0x0000000088300000|100%| O|  |TAMS 0x0000000088300000| PB 0x0000000088200000| Untracked 
| 131|0x0000000088300000, 0x0000000088400000, 0x0000000088400000|100%| O|  |TAMS 0x0000000088400000| PB 0x0000000088300000| Untracked 
| 132|0x0000000088400000, 0x0000000088500000, 0x0000000088500000|100%| O|  |TAMS 0x0000000088500000| PB 0x0000000088400000| Untracked 
| 133|0x0000000088500000, 0x0000000088600000, 0x0000000088600000|100%| O|  |TAMS 0x0000000088600000| PB 0x0000000088500000| Untracked 
| 134|0x0000000088600000, 0x0000000088700000, 0x0000000088700000|100%| O|  |TAMS 0x0000000088700000| PB 0x0000000088600000| Untracked 
| 135|0x0000000088700000, 0x0000000088800000, 0x0000000088800000|100%| O|  |TAMS 0x0000000088800000| PB 0x0000000088700000| Untracked 
| 136|0x0000000088800000, 0x0000000088800000, 0x0000000088900000|  0%| F|  |TAMS 0x0000000088800000| PB 0x0000000088800000| Untracked 
| 137|0x0000000088900000, 0x0000000088a00000, 0x0000000088a00000|100%| O|  |TAMS 0x0000000088a00000| PB 0x0000000088900000| Untracked 
| 138|0x0000000088a00000, 0x0000000088b00000, 0x0000000088b00000|100%| O|  |TAMS 0x0000000088b00000| PB 0x0000000088a00000| Untracked 
| 139|0x0000000088b00000, 0x0000000088c00000, 0x0000000088c00000|100%| O|  |TAMS 0x0000000088c00000| PB 0x0000000088b00000| Untracked 
| 140|0x0000000088c00000, 0x0000000088d00000, 0x0000000088d00000|100%| O|  |TAMS 0x0000000088d00000| PB 0x0000000088c00000| Untracked 
| 141|0x0000000088d00000, 0x0000000088e00000, 0x0000000088e00000|100%| O|  |TAMS 0x0000000088e00000| PB 0x0000000088d00000| Untracked 
| 142|0x0000000088e00000, 0x0000000088f00000, 0x0000000088f00000|100%| O|  |TAMS 0x0000000088f00000| PB 0x0000000088e00000| Untracked 
| 143|0x0000000088f00000, 0x0000000089000000, 0x0000000089000000|100%| O|  |TAMS 0x0000000089000000| PB 0x0000000088f00000| Untracked 
| 144|0x0000000089000000, 0x0000000089100000, 0x0000000089100000|100%| O|  |TAMS 0x0000000089100000| PB 0x0000000089000000| Untracked 
| 145|0x0000000089100000, 0x0000000089200000, 0x0000000089200000|100%| O|  |TAMS 0x0000000089200000| PB 0x0000000089100000| Untracked 
| 146|0x0000000089200000, 0x0000000089200000, 0x0000000089300000|  0%| F|  |TAMS 0x0000000089200000| PB 0x0000000089200000| Untracked 
| 147|0x0000000089300000, 0x000000008937fd40, 0x0000000089400000| 49%| O|  |TAMS 0x000000008937fd40| PB 0x0000000089300000| Untracked 
| 148|0x0000000089400000, 0x0000000089500000, 0x0000000089500000|100%| O|  |TAMS 0x0000000089500000| PB 0x0000000089400000| Untracked 
| 149|0x0000000089500000, 0x0000000089600000, 0x0000000089600000|100%| O|  |TAMS 0x0000000089600000| PB 0x0000000089500000| Untracked 
| 150|0x0000000089600000, 0x0000000089600000, 0x0000000089700000|  0%| F|  |TAMS 0x0000000089600000| PB 0x0000000089600000| Untracked 
| 151|0x0000000089700000, 0x0000000089800000, 0x0000000089800000|100%| O|  |TAMS 0x0000000089800000| PB 0x0000000089700000| Untracked 
| 152|0x0000000089800000, 0x0000000089800000, 0x0000000089900000|  0%| F|  |TAMS 0x0000000089800000| PB 0x0000000089800000| Untracked 
| 153|0x0000000089900000, 0x0000000089a00000, 0x0000000089a00000|100%| O|  |TAMS 0x0000000089a00000| PB 0x0000000089900000| Untracked 
| 154|0x0000000089a00000, 0x0000000089b00000, 0x0000000089b00000|100%| O|  |TAMS 0x0000000089b00000| PB 0x0000000089a00000| Untracked 
| 155|0x0000000089b00000, 0x0000000089c00000, 0x0000000089c00000|100%| O|  |TAMS 0x0000000089c00000| PB 0x0000000089b00000| Untracked 
| 156|0x0000000089c00000, 0x0000000089d00000, 0x0000000089d00000|100%| O|  |TAMS 0x0000000089d00000| PB 0x0000000089c00000| Untracked 
| 157|0x0000000089d00000, 0x0000000089e00000, 0x0000000089e00000|100%| O|  |TAMS 0x0000000089e00000| PB 0x0000000089d00000| Untracked 
| 158|0x0000000089e00000, 0x0000000089f00000, 0x0000000089f00000|100%| O|  |TAMS 0x0000000089f00000| PB 0x0000000089e00000| Untracked 
| 159|0x0000000089f00000, 0x000000008a000000, 0x000000008a000000|100%| O|  |TAMS 0x000000008a000000| PB 0x0000000089f00000| Untracked 
| 160|0x000000008a000000, 0x000000008a100000, 0x000000008a100000|100%| O|  |TAMS 0x000000008a100000| PB 0x000000008a000000| Untracked 
| 161|0x000000008a100000, 0x000000008a200000, 0x000000008a200000|100%| O|  |TAMS 0x000000008a200000| PB 0x000000008a100000| Untracked 
| 162|0x000000008a200000, 0x000000008a300000, 0x000000008a300000|100%| O|  |TAMS 0x000000008a300000| PB 0x000000008a200000| Untracked 
| 163|0x000000008a300000, 0x000000008a400000, 0x000000008a400000|100%| O|  |TAMS 0x000000008a400000| PB 0x000000008a300000| Untracked 
| 164|0x000000008a400000, 0x000000008a500000, 0x000000008a500000|100%| O|  |TAMS 0x000000008a500000| PB 0x000000008a400000| Untracked 
| 165|0x000000008a500000, 0x000000008a500000, 0x000000008a600000|  0%| F|  |TAMS 0x000000008a500000| PB 0x000000008a500000| Untracked 
| 166|0x000000008a600000, 0x000000008a600000, 0x000000008a700000|  0%| F|  |TAMS 0x000000008a600000| PB 0x000000008a600000| Untracked 
| 167|0x000000008a700000, 0x000000008a800000, 0x000000008a800000|100%| O|  |TAMS 0x000000008a800000| PB 0x000000008a700000| Untracked 
| 168|0x000000008a800000, 0x000000008a900000, 0x000000008a900000|100%| O|  |TAMS 0x000000008a900000| PB 0x000000008a800000| Untracked 
| 169|0x000000008a900000, 0x000000008aa00000, 0x000000008aa00000|100%| O|  |TAMS 0x000000008aa00000| PB 0x000000008a900000| Untracked 
| 170|0x000000008aa00000, 0x000000008ab00000, 0x000000008ab00000|100%| O|  |TAMS 0x000000008ab00000| PB 0x000000008aa00000| Untracked 
| 171|0x000000008ab00000, 0x000000008ac00000, 0x000000008ac00000|100%| O|  |TAMS 0x000000008ac00000| PB 0x000000008ab00000| Untracked 
| 172|0x000000008ac00000, 0x000000008ac00000, 0x000000008ad00000|  0%| F|  |TAMS 0x000000008ac00000| PB 0x000000008ac00000| Untracked 
| 173|0x000000008ad00000, 0x000000008ae00000, 0x000000008ae00000|100%| O|  |TAMS 0x000000008ae00000| PB 0x000000008ad00000| Untracked 
| 174|0x000000008ae00000, 0x000000008af00000, 0x000000008af00000|100%| O|  |TAMS 0x000000008af00000| PB 0x000000008ae00000| Untracked 
| 175|0x000000008af00000, 0x000000008b000000, 0x000000008b000000|100%| O|  |TAMS 0x000000008b000000| PB 0x000000008af00000| Untracked 
| 176|0x000000008b000000, 0x000000008b100000, 0x000000008b100000|100%| O|  |TAMS 0x000000008b100000| PB 0x000000008b000000| Untracked 
| 177|0x000000008b100000, 0x000000008b200000, 0x000000008b200000|100%| O|  |TAMS 0x000000008b200000| PB 0x000000008b100000| Untracked 
| 178|0x000000008b200000, 0x000000008b300000, 0x000000008b300000|100%| O|  |TAMS 0x000000008b300000| PB 0x000000008b200000| Untracked 
| 179|0x000000008b300000, 0x000000008b300000, 0x000000008b400000|  0%| F|  |TAMS 0x000000008b300000| PB 0x000000008b300000| Untracked 
| 180|0x000000008b400000, 0x000000008b500000, 0x000000008b500000|100%| O|  |TAMS 0x000000008b500000| PB 0x000000008b400000| Untracked 
| 181|0x000000008b500000, 0x000000008b600000, 0x000000008b600000|100%| O|  |TAMS 0x000000008b600000| PB 0x000000008b500000| Untracked 
| 182|0x000000008b600000, 0x000000008b700000, 0x000000008b700000|100%| O|  |TAMS 0x000000008b700000| PB 0x000000008b600000| Untracked 
| 183|0x000000008b700000, 0x000000008b800000, 0x000000008b800000|100%| O|  |TAMS 0x000000008b800000| PB 0x000000008b700000| Untracked 
| 184|0x000000008b800000, 0x000000008b900000, 0x000000008b900000|100%| O|  |TAMS 0x000000008b900000| PB 0x000000008b800000| Untracked 
| 185|0x000000008b900000, 0x000000008ba00000, 0x000000008ba00000|100%| O|  |TAMS 0x000000008ba00000| PB 0x000000008b900000| Untracked 
| 186|0x000000008ba00000, 0x000000008bb00000, 0x000000008bb00000|100%| O|  |TAMS 0x000000008bb00000| PB 0x000000008ba00000| Untracked 
| 187|0x000000008bb00000, 0x000000008bc00000, 0x000000008bc00000|100%| O|  |TAMS 0x000000008bc00000| PB 0x000000008bb00000| Untracked 
| 188|0x000000008bc00000, 0x000000008bd00000, 0x000000008bd00000|100%| O|  |TAMS 0x000000008bd00000| PB 0x000000008bc00000| Untracked 
| 189|0x000000008bd00000, 0x000000008be00000, 0x000000008be00000|100%| O|  |TAMS 0x000000008be00000| PB 0x000000008bd00000| Untracked 
| 190|0x000000008be00000, 0x000000008bf00000, 0x000000008bf00000|100%| O|  |TAMS 0x000000008bf00000| PB 0x000000008be00000| Untracked 
| 191|0x000000008bf00000, 0x000000008c000000, 0x000000008c000000|100%| O|  |TAMS 0x000000008c000000| PB 0x000000008bf00000| Untracked 
| 192|0x000000008c000000, 0x000000008c100000, 0x000000008c100000|100%| O|  |TAMS 0x000000008c100000| PB 0x000000008c000000| Untracked 
| 193|0x000000008c100000, 0x000000008c200000, 0x000000008c200000|100%| O|  |TAMS 0x000000008c200000| PB 0x000000008c100000| Untracked 
| 194|0x000000008c200000, 0x000000008c200000, 0x000000008c300000|  0%| F|  |TAMS 0x000000008c200000| PB 0x000000008c200000| Untracked 
| 195|0x000000008c300000, 0x000000008c400000, 0x000000008c400000|100%| O|  |TAMS 0x000000008c400000| PB 0x000000008c300000| Untracked 
| 196|0x000000008c400000, 0x000000008c500000, 0x000000008c500000|100%| O|  |TAMS 0x000000008c500000| PB 0x000000008c400000| Untracked 
| 197|0x000000008c500000, 0x000000008c500000, 0x000000008c600000|  0%| F|  |TAMS 0x000000008c500000| PB 0x000000008c500000| Untracked 
| 198|0x000000008c600000, 0x000000008c600000, 0x000000008c700000|  0%| F|  |TAMS 0x000000008c600000| PB 0x000000008c600000| Untracked 
| 199|0x000000008c700000, 0x000000008c700000, 0x000000008c800000|  0%| F|  |TAMS 0x000000008c700000| PB 0x000000008c700000| Untracked 
| 200|0x000000008c800000, 0x000000008c800000, 0x000000008c900000|  0%| F|  |TAMS 0x000000008c800000| PB 0x000000008c800000| Untracked 
| 201|0x000000008c900000, 0x000000008c9c3550, 0x000000008ca00000| 76%| S|CS|TAMS 0x000000008c900000| PB 0x000000008c900000| Complete 
| 202|0x000000008ca00000, 0x000000008cb00000, 0x000000008cb00000|100%| S|CS|TAMS 0x000000008ca00000| PB 0x000000008ca00000| Complete 
| 203|0x000000008cb00000, 0x000000008cc00000, 0x000000008cc00000|100%| O|  |TAMS 0x000000008cc00000| PB 0x000000008cb00000| Untracked 
| 204|0x000000008cc00000, 0x000000008cd00000, 0x000000008cd00000|100%| S|CS|TAMS 0x000000008cc00000| PB 0x000000008cc00000| Complete 
| 205|0x000000008cd00000, 0x000000008ce00000, 0x000000008ce00000|100%| S|CS|TAMS 0x000000008cd00000| PB 0x000000008cd00000| Complete 
| 206|0x000000008ce00000, 0x000000008cf00000, 0x000000008cf00000|100%| S|CS|TAMS 0x000000008ce00000| PB 0x000000008ce00000| Complete 
| 207|0x000000008cf00000, 0x000000008d000000, 0x000000008d000000|100%| S|CS|TAMS 0x000000008cf00000| PB 0x000000008cf00000| Complete 
| 208|0x000000008d000000, 0x000000008d100000, 0x000000008d100000|100%| S|CS|TAMS 0x000000008d000000| PB 0x000000008d000000| Complete 
| 209|0x000000008d100000, 0x000000008d200000, 0x000000008d200000|100%| S|CS|TAMS 0x000000008d100000| PB 0x000000008d100000| Complete 
| 210|0x000000008d200000, 0x000000008d300000, 0x000000008d300000|100%| S|CS|TAMS 0x000000008d200000| PB 0x000000008d200000| Complete 
| 211|0x000000008d300000, 0x000000008d300000, 0x000000008d400000|  0%| F|  |TAMS 0x000000008d300000| PB 0x000000008d300000| Untracked 
| 212|0x000000008d400000, 0x000000008d400000, 0x000000008d500000|  0%| F|  |TAMS 0x000000008d400000| PB 0x000000008d400000| Untracked 
| 213|0x000000008d500000, 0x000000008d500000, 0x000000008d600000|  0%| F|  |TAMS 0x000000008d500000| PB 0x000000008d500000| Untracked 
| 214|0x000000008d600000, 0x000000008d600000, 0x000000008d700000|  0%| F|  |TAMS 0x000000008d600000| PB 0x000000008d600000| Untracked 
| 215|0x000000008d700000, 0x000000008d700000, 0x000000008d800000|  0%| F|  |TAMS 0x000000008d700000| PB 0x000000008d700000| Untracked 
| 216|0x000000008d800000, 0x000000008d800000, 0x000000008d900000|  0%| F|  |TAMS 0x000000008d800000| PB 0x000000008d800000| Untracked 
| 217|0x000000008d900000, 0x000000008d900000, 0x000000008da00000|  0%| F|  |TAMS 0x000000008d900000| PB 0x000000008d900000| Untracked 
| 218|0x000000008da00000, 0x000000008da00000, 0x000000008db00000|  0%| F|  |TAMS 0x000000008da00000| PB 0x000000008da00000| Untracked 
| 219|0x000000008db00000, 0x000000008db00000, 0x000000008dc00000|  0%| F|  |TAMS 0x000000008db00000| PB 0x000000008db00000| Untracked 
| 220|0x000000008dc00000, 0x000000008dc00000, 0x000000008dd00000|  0%| F|  |TAMS 0x000000008dc00000| PB 0x000000008dc00000| Untracked 
| 221|0x000000008dd00000, 0x000000008dd00000, 0x000000008de00000|  0%| F|  |TAMS 0x000000008dd00000| PB 0x000000008dd00000| Untracked 
| 222|0x000000008de00000, 0x000000008de00000, 0x000000008df00000|  0%| F|  |TAMS 0x000000008de00000| PB 0x000000008de00000| Untracked 
| 223|0x000000008df00000, 0x000000008df00000, 0x000000008e000000|  0%| F|  |TAMS 0x000000008df00000| PB 0x000000008df00000| Untracked 
| 224|0x000000008e000000, 0x000000008e000000, 0x000000008e100000|  0%| F|  |TAMS 0x000000008e000000| PB 0x000000008e000000| Untracked 
| 225|0x000000008e100000, 0x000000008e100000, 0x000000008e200000|  0%| F|  |TAMS 0x000000008e100000| PB 0x000000008e100000| Untracked 
| 226|0x000000008e200000, 0x000000008e200000, 0x000000008e300000|  0%| F|  |TAMS 0x000000008e200000| PB 0x000000008e200000| Untracked 
| 227|0x000000008e300000, 0x000000008e300000, 0x000000008e400000|  0%| F|  |TAMS 0x000000008e300000| PB 0x000000008e300000| Untracked 
| 228|0x000000008e400000, 0x000000008e400000, 0x000000008e500000|  0%| F|  |TAMS 0x000000008e400000| PB 0x000000008e400000| Untracked 
| 229|0x000000008e500000, 0x000000008e500000, 0x000000008e600000|  0%| F|  |TAMS 0x000000008e500000| PB 0x000000008e500000| Untracked 
| 230|0x000000008e600000, 0x000000008e600000, 0x000000008e700000|  0%| F|  |TAMS 0x000000008e600000| PB 0x000000008e600000| Untracked 
| 231|0x000000008e700000, 0x000000008e700000, 0x000000008e800000|  0%| F|  |TAMS 0x000000008e700000| PB 0x000000008e700000| Untracked 
| 232|0x000000008e800000, 0x000000008e800000, 0x000000008e900000|  0%| F|  |TAMS 0x000000008e800000| PB 0x000000008e800000| Untracked 
| 233|0x000000008e900000, 0x000000008e900000, 0x000000008ea00000|  0%| F|  |TAMS 0x000000008e900000| PB 0x000000008e900000| Untracked 
| 234|0x000000008ea00000, 0x000000008ea00000, 0x000000008eb00000|  0%| F|  |TAMS 0x000000008ea00000| PB 0x000000008ea00000| Untracked 
| 235|0x000000008eb00000, 0x000000008eb00000, 0x000000008ec00000|  0%| F|  |TAMS 0x000000008eb00000| PB 0x000000008eb00000| Untracked 
| 236|0x000000008ec00000, 0x000000008ec00000, 0x000000008ed00000|  0%| F|  |TAMS 0x000000008ec00000| PB 0x000000008ec00000| Untracked 
| 237|0x000000008ed00000, 0x000000008ed00000, 0x000000008ee00000|  0%| F|  |TAMS 0x000000008ed00000| PB 0x000000008ed00000| Untracked 
| 238|0x000000008ee00000, 0x000000008ee00000, 0x000000008ef00000|  0%| F|  |TAMS 0x000000008ee00000| PB 0x000000008ee00000| Untracked 
| 239|0x000000008ef00000, 0x000000008ef00000, 0x000000008f000000|  0%| F|  |TAMS 0x000000008ef00000| PB 0x000000008ef00000| Untracked 
| 240|0x000000008f000000, 0x000000008f000000, 0x000000008f100000|  0%| F|  |TAMS 0x000000008f000000| PB 0x000000008f000000| Untracked 
| 241|0x000000008f100000, 0x000000008f100000, 0x000000008f200000|  0%| F|  |TAMS 0x000000008f100000| PB 0x000000008f100000| Untracked 
| 242|0x000000008f200000, 0x000000008f200000, 0x000000008f300000|  0%| F|  |TAMS 0x000000008f200000| PB 0x000000008f200000| Untracked 
| 243|0x000000008f300000, 0x000000008f300000, 0x000000008f400000|  0%| F|  |TAMS 0x000000008f300000| PB 0x000000008f300000| Untracked 
| 244|0x000000008f400000, 0x000000008f400000, 0x000000008f500000|  0%| F|  |TAMS 0x000000008f400000| PB 0x000000008f400000| Untracked 
| 245|0x000000008f500000, 0x000000008f500000, 0x000000008f600000|  0%| F|  |TAMS 0x000000008f500000| PB 0x000000008f500000| Untracked 
| 246|0x000000008f600000, 0x000000008f600000, 0x000000008f700000|  0%| F|  |TAMS 0x000000008f600000| PB 0x000000008f600000| Untracked 
| 247|0x000000008f700000, 0x000000008f700000, 0x000000008f800000|  0%| F|  |TAMS 0x000000008f700000| PB 0x000000008f700000| Untracked 
| 248|0x000000008f800000, 0x000000008f800000, 0x000000008f900000|  0%| F|  |TAMS 0x000000008f800000| PB 0x000000008f800000| Untracked 
| 249|0x000000008f900000, 0x000000008f900000, 0x000000008fa00000|  0%| F|  |TAMS 0x000000008f900000| PB 0x000000008f900000| Untracked 
| 250|0x000000008fa00000, 0x000000008fa00000, 0x000000008fb00000|  0%| F|  |TAMS 0x000000008fa00000| PB 0x000000008fa00000| Untracked 
| 251|0x000000008fb00000, 0x000000008fb00000, 0x000000008fc00000|  0%| F|  |TAMS 0x000000008fb00000| PB 0x000000008fb00000| Untracked 
| 252|0x000000008fc00000, 0x000000008fc00000, 0x000000008fd00000|  0%| F|  |TAMS 0x000000008fc00000| PB 0x000000008fc00000| Untracked 
| 253|0x000000008fd00000, 0x000000008fd00000, 0x000000008fe00000|  0%| F|  |TAMS 0x000000008fd00000| PB 0x000000008fd00000| Untracked 
| 254|0x000000008fe00000, 0x000000008fe00000, 0x000000008ff00000|  0%| F|  |TAMS 0x000000008fe00000| PB 0x000000008fe00000| Untracked 
| 255|0x000000008ff00000, 0x000000008ff00000, 0x0000000090000000|  0%| F|  |TAMS 0x000000008ff00000| PB 0x000000008ff00000| Untracked 
| 256|0x0000000090000000, 0x0000000090000000, 0x0000000090100000|  0%| F|  |TAMS 0x0000000090000000| PB 0x0000000090000000| Untracked 
| 257|0x0000000090100000, 0x0000000090100000, 0x0000000090200000|  0%| F|  |TAMS 0x0000000090100000| PB 0x0000000090100000| Untracked 
| 258|0x0000000090200000, 0x0000000090200000, 0x0000000090300000|  0%| F|  |TAMS 0x0000000090200000| PB 0x0000000090200000| Untracked 
| 259|0x0000000090300000, 0x0000000090300000, 0x0000000090400000|  0%| F|  |TAMS 0x0000000090300000| PB 0x0000000090300000| Untracked 
| 260|0x0000000090400000, 0x0000000090400000, 0x0000000090500000|  0%| F|  |TAMS 0x0000000090400000| PB 0x0000000090400000| Untracked 
| 261|0x0000000090500000, 0x0000000090500000, 0x0000000090600000|  0%| F|  |TAMS 0x0000000090500000| PB 0x0000000090500000| Untracked 
| 262|0x0000000090600000, 0x0000000090600000, 0x0000000090700000|  0%| F|  |TAMS 0x0000000090600000| PB 0x0000000090600000| Untracked 
| 263|0x0000000090700000, 0x0000000090700000, 0x0000000090800000|  0%| F|  |TAMS 0x0000000090700000| PB 0x0000000090700000| Untracked 
| 264|0x0000000090800000, 0x0000000090800000, 0x0000000090900000|  0%| F|  |TAMS 0x0000000090800000| PB 0x0000000090800000| Untracked 
| 265|0x0000000090900000, 0x0000000090900000, 0x0000000090a00000|  0%| F|  |TAMS 0x0000000090900000| PB 0x0000000090900000| Untracked 
| 266|0x0000000090a00000, 0x0000000090a00000, 0x0000000090b00000|  0%| F|  |TAMS 0x0000000090a00000| PB 0x0000000090a00000| Untracked 
| 267|0x0000000090b00000, 0x0000000090b00000, 0x0000000090c00000|  0%| F|  |TAMS 0x0000000090b00000| PB 0x0000000090b00000| Untracked 
| 268|0x0000000090c00000, 0x0000000090c00000, 0x0000000090d00000|  0%| F|  |TAMS 0x0000000090c00000| PB 0x0000000090c00000| Untracked 
| 269|0x0000000090d00000, 0x0000000090d00000, 0x0000000090e00000|  0%| F|  |TAMS 0x0000000090d00000| PB 0x0000000090d00000| Untracked 
| 270|0x0000000090e00000, 0x0000000090e00000, 0x0000000090f00000|  0%| F|  |TAMS 0x0000000090e00000| PB 0x0000000090e00000| Untracked 
| 271|0x0000000090f00000, 0x0000000090f00000, 0x0000000091000000|  0%| F|  |TAMS 0x0000000090f00000| PB 0x0000000090f00000| Untracked 
| 272|0x0000000091000000, 0x0000000091000000, 0x0000000091100000|  0%| F|  |TAMS 0x0000000091000000| PB 0x0000000091000000| Untracked 
| 273|0x0000000091100000, 0x0000000091100000, 0x0000000091200000|  0%| F|  |TAMS 0x0000000091100000| PB 0x0000000091100000| Untracked 
| 274|0x0000000091200000, 0x0000000091200000, 0x0000000091300000|  0%| F|  |TAMS 0x0000000091200000| PB 0x0000000091200000| Untracked 
| 275|0x0000000091300000, 0x0000000091300000, 0x0000000091400000|  0%| F|  |TAMS 0x0000000091300000| PB 0x0000000091300000| Untracked 
| 276|0x0000000091400000, 0x0000000091400000, 0x0000000091500000|  0%| F|  |TAMS 0x0000000091400000| PB 0x0000000091400000| Untracked 
| 277|0x0000000091500000, 0x0000000091500000, 0x0000000091600000|  0%| F|  |TAMS 0x0000000091500000| PB 0x0000000091500000| Untracked 
| 278|0x0000000091600000, 0x0000000091600000, 0x0000000091700000|  0%| F|  |TAMS 0x0000000091600000| PB 0x0000000091600000| Untracked 
| 279|0x0000000091700000, 0x0000000091700000, 0x0000000091800000|  0%| F|  |TAMS 0x0000000091700000| PB 0x0000000091700000| Untracked 
| 280|0x0000000091800000, 0x0000000091800000, 0x0000000091900000|  0%| F|  |TAMS 0x0000000091800000| PB 0x0000000091800000| Untracked 
| 281|0x0000000091900000, 0x0000000091900000, 0x0000000091a00000|  0%| F|  |TAMS 0x0000000091900000| PB 0x0000000091900000| Untracked 
| 282|0x0000000091a00000, 0x0000000091a00000, 0x0000000091b00000|  0%| F|  |TAMS 0x0000000091a00000| PB 0x0000000091a00000| Untracked 
| 283|0x0000000091b00000, 0x0000000091b00000, 0x0000000091c00000|  0%| F|  |TAMS 0x0000000091b00000| PB 0x0000000091b00000| Untracked 
| 284|0x0000000091c00000, 0x0000000091c00000, 0x0000000091d00000|  0%| F|  |TAMS 0x0000000091c00000| PB 0x0000000091c00000| Untracked 
| 285|0x0000000091d00000, 0x0000000091d00000, 0x0000000091e00000|  0%| F|  |TAMS 0x0000000091d00000| PB 0x0000000091d00000| Untracked 
| 286|0x0000000091e00000, 0x0000000091e00000, 0x0000000091f00000|  0%| F|  |TAMS 0x0000000091e00000| PB 0x0000000091e00000| Untracked 
| 287|0x0000000091f00000, 0x0000000091f00000, 0x0000000092000000|  0%| F|  |TAMS 0x0000000091f00000| PB 0x0000000091f00000| Untracked 
| 288|0x0000000092000000, 0x0000000092000000, 0x0000000092100000|  0%| F|  |TAMS 0x0000000092000000| PB 0x0000000092000000| Untracked 
| 289|0x0000000092100000, 0x0000000092100000, 0x0000000092200000|  0%| F|  |TAMS 0x0000000092100000| PB 0x0000000092100000| Untracked 
| 290|0x0000000092200000, 0x0000000092200000, 0x0000000092300000|  0%| F|  |TAMS 0x0000000092200000| PB 0x0000000092200000| Untracked 
| 291|0x0000000092300000, 0x0000000092300000, 0x0000000092400000|  0%| F|  |TAMS 0x0000000092300000| PB 0x0000000092300000| Untracked 
| 292|0x0000000092400000, 0x0000000092400000, 0x0000000092500000|  0%| F|  |TAMS 0x0000000092400000| PB 0x0000000092400000| Untracked 
| 293|0x0000000092500000, 0x0000000092500000, 0x0000000092600000|  0%| F|  |TAMS 0x0000000092500000| PB 0x0000000092500000| Untracked 
| 294|0x0000000092600000, 0x0000000092600000, 0x0000000092700000|  0%| F|  |TAMS 0x0000000092600000| PB 0x0000000092600000| Untracked 
| 295|0x0000000092700000, 0x0000000092700000, 0x0000000092800000|  0%| F|  |TAMS 0x0000000092700000| PB 0x0000000092700000| Untracked 
| 296|0x0000000092800000, 0x0000000092800000, 0x0000000092900000|  0%| F|  |TAMS 0x0000000092800000| PB 0x0000000092800000| Untracked 
| 297|0x0000000092900000, 0x0000000092900000, 0x0000000092a00000|  0%| F|  |TAMS 0x0000000092900000| PB 0x0000000092900000| Untracked 
| 298|0x0000000092a00000, 0x0000000092a00000, 0x0000000092b00000|  0%| F|  |TAMS 0x0000000092a00000| PB 0x0000000092a00000| Untracked 
| 299|0x0000000092b00000, 0x0000000092b00000, 0x0000000092c00000|  0%| F|  |TAMS 0x0000000092b00000| PB 0x0000000092b00000| Untracked 
| 300|0x0000000092c00000, 0x0000000092c00000, 0x0000000092d00000|  0%| F|  |TAMS 0x0000000092c00000| PB 0x0000000092c00000| Untracked 
| 301|0x0000000092d00000, 0x0000000092d00000, 0x0000000092e00000|  0%| F|  |TAMS 0x0000000092d00000| PB 0x0000000092d00000| Untracked 
| 302|0x0000000092e00000, 0x0000000092e00000, 0x0000000092f00000|  0%| F|  |TAMS 0x0000000092e00000| PB 0x0000000092e00000| Untracked 
| 303|0x0000000092f00000, 0x0000000092f00000, 0x0000000093000000|  0%| F|  |TAMS 0x0000000092f00000| PB 0x0000000092f00000| Untracked 
| 304|0x0000000093000000, 0x0000000093000000, 0x0000000093100000|  0%| F|  |TAMS 0x0000000093000000| PB 0x0000000093000000| Untracked 
| 305|0x0000000093100000, 0x0000000093100000, 0x0000000093200000|  0%| F|  |TAMS 0x0000000093100000| PB 0x0000000093100000| Untracked 
| 306|0x0000000093200000, 0x0000000093200000, 0x0000000093300000|  0%| F|  |TAMS 0x0000000093200000| PB 0x0000000093200000| Untracked 
| 307|0x0000000093300000, 0x0000000093300000, 0x0000000093400000|  0%| F|  |TAMS 0x0000000093300000| PB 0x0000000093300000| Untracked 
| 308|0x0000000093400000, 0x0000000093400000, 0x0000000093500000|  0%| F|  |TAMS 0x0000000093400000| PB 0x0000000093400000| Untracked 
| 309|0x0000000093500000, 0x0000000093500000, 0x0000000093600000|  0%| F|  |TAMS 0x0000000093500000| PB 0x0000000093500000| Untracked 
| 310|0x0000000093600000, 0x0000000093600000, 0x0000000093700000|  0%| F|  |TAMS 0x0000000093600000| PB 0x0000000093600000| Untracked 
| 311|0x0000000093700000, 0x0000000093700000, 0x0000000093800000|  0%| F|  |TAMS 0x0000000093700000| PB 0x0000000093700000| Untracked 
| 312|0x0000000093800000, 0x0000000093800000, 0x0000000093900000|  0%| F|  |TAMS 0x0000000093800000| PB 0x0000000093800000| Untracked 
| 313|0x0000000093900000, 0x0000000093900000, 0x0000000093a00000|  0%| F|  |TAMS 0x0000000093900000| PB 0x0000000093900000| Untracked 
| 314|0x0000000093a00000, 0x0000000093a00000, 0x0000000093b00000|  0%| F|  |TAMS 0x0000000093a00000| PB 0x0000000093a00000| Untracked 
| 315|0x0000000093b00000, 0x0000000093b00000, 0x0000000093c00000|  0%| F|  |TAMS 0x0000000093b00000| PB 0x0000000093b00000| Untracked 
| 316|0x0000000093c00000, 0x0000000093c00000, 0x0000000093d00000|  0%| F|  |TAMS 0x0000000093c00000| PB 0x0000000093c00000| Untracked 
| 317|0x0000000093d00000, 0x0000000093d00000, 0x0000000093e00000|  0%| F|  |TAMS 0x0000000093d00000| PB 0x0000000093d00000| Untracked 
| 318|0x0000000093e00000, 0x0000000093e00000, 0x0000000093f00000|  0%| F|  |TAMS 0x0000000093e00000| PB 0x0000000093e00000| Untracked 
| 319|0x0000000093f00000, 0x0000000093f00000, 0x0000000094000000|  0%| F|  |TAMS 0x0000000093f00000| PB 0x0000000093f00000| Untracked 
| 320|0x0000000094000000, 0x0000000094000000, 0x0000000094100000|  0%| F|  |TAMS 0x0000000094000000| PB 0x0000000094000000| Untracked 
| 321|0x0000000094100000, 0x0000000094100000, 0x0000000094200000|  0%| F|  |TAMS 0x0000000094100000| PB 0x0000000094100000| Untracked 
| 322|0x0000000094200000, 0x0000000094200000, 0x0000000094300000|  0%| F|  |TAMS 0x0000000094200000| PB 0x0000000094200000| Untracked 
| 323|0x0000000094300000, 0x0000000094300000, 0x0000000094400000|  0%| F|  |TAMS 0x0000000094300000| PB 0x0000000094300000| Untracked 
| 324|0x0000000094400000, 0x0000000094400000, 0x0000000094500000|  0%| F|  |TAMS 0x0000000094400000| PB 0x0000000094400000| Untracked 
| 325|0x0000000094500000, 0x0000000094500000, 0x0000000094600000|  0%| F|  |TAMS 0x0000000094500000| PB 0x0000000094500000| Untracked 
| 326|0x0000000094600000, 0x0000000094600000, 0x0000000094700000|  0%| F|  |TAMS 0x0000000094600000| PB 0x0000000094600000| Untracked 
| 327|0x0000000094700000, 0x0000000094700000, 0x0000000094800000|  0%| F|  |TAMS 0x0000000094700000| PB 0x0000000094700000| Untracked 
| 328|0x0000000094800000, 0x0000000094800000, 0x0000000094900000|  0%| F|  |TAMS 0x0000000094800000| PB 0x0000000094800000| Untracked 
| 329|0x0000000094900000, 0x0000000094900000, 0x0000000094a00000|  0%| F|  |TAMS 0x0000000094900000| PB 0x0000000094900000| Untracked 
| 330|0x0000000094a00000, 0x0000000094a00000, 0x0000000094b00000|  0%| F|  |TAMS 0x0000000094a00000| PB 0x0000000094a00000| Untracked 
| 331|0x0000000094b00000, 0x0000000094b00000, 0x0000000094c00000|  0%| F|  |TAMS 0x0000000094b00000| PB 0x0000000094b00000| Untracked 
| 332|0x0000000094c00000, 0x0000000094c00000, 0x0000000094d00000|  0%| F|  |TAMS 0x0000000094c00000| PB 0x0000000094c00000| Untracked 
| 333|0x0000000094d00000, 0x0000000094d00000, 0x0000000094e00000|  0%| F|  |TAMS 0x0000000094d00000| PB 0x0000000094d00000| Untracked 
| 334|0x0000000094e00000, 0x0000000094e00000, 0x0000000094f00000|  0%| F|  |TAMS 0x0000000094e00000| PB 0x0000000094e00000| Untracked 
| 335|0x0000000094f00000, 0x0000000094f00000, 0x0000000095000000|  0%| F|  |TAMS 0x0000000094f00000| PB 0x0000000094f00000| Untracked 
| 336|0x0000000095000000, 0x0000000095000000, 0x0000000095100000|  0%| F|  |TAMS 0x0000000095000000| PB 0x0000000095000000| Untracked 
| 337|0x0000000095100000, 0x0000000095100000, 0x0000000095200000|  0%| F|  |TAMS 0x0000000095100000| PB 0x0000000095100000| Untracked 
| 338|0x0000000095200000, 0x0000000095200000, 0x0000000095300000|  0%| F|  |TAMS 0x0000000095200000| PB 0x0000000095200000| Untracked 
| 339|0x0000000095300000, 0x0000000095300000, 0x0000000095400000|  0%| F|  |TAMS 0x0000000095300000| PB 0x0000000095300000| Untracked 
| 340|0x0000000095400000, 0x0000000095400000, 0x0000000095500000|  0%| F|  |TAMS 0x0000000095400000| PB 0x0000000095400000| Untracked 
| 341|0x0000000095500000, 0x0000000095500000, 0x0000000095600000|  0%| F|  |TAMS 0x0000000095500000| PB 0x0000000095500000| Untracked 
| 342|0x0000000095600000, 0x0000000095600000, 0x0000000095700000|  0%| F|  |TAMS 0x0000000095600000| PB 0x0000000095600000| Untracked 
| 343|0x0000000095700000, 0x0000000095700000, 0x0000000095800000|  0%| F|  |TAMS 0x0000000095700000| PB 0x0000000095700000| Untracked 
| 344|0x0000000095800000, 0x0000000095800000, 0x0000000095900000|  0%| F|  |TAMS 0x0000000095800000| PB 0x0000000095800000| Untracked 
| 345|0x0000000095900000, 0x0000000095900000, 0x0000000095a00000|  0%| F|  |TAMS 0x0000000095900000| PB 0x0000000095900000| Untracked 
| 346|0x0000000095a00000, 0x0000000095a00000, 0x0000000095b00000|  0%| F|  |TAMS 0x0000000095a00000| PB 0x0000000095a00000| Untracked 
| 347|0x0000000095b00000, 0x0000000095b00000, 0x0000000095c00000|  0%| F|  |TAMS 0x0000000095b00000| PB 0x0000000095b00000| Untracked 
| 348|0x0000000095c00000, 0x0000000095c00000, 0x0000000095d00000|  0%| F|  |TAMS 0x0000000095c00000| PB 0x0000000095c00000| Untracked 
| 349|0x0000000095d00000, 0x0000000095d00000, 0x0000000095e00000|  0%| F|  |TAMS 0x0000000095d00000| PB 0x0000000095d00000| Untracked 
| 350|0x0000000095e00000, 0x0000000095e00000, 0x0000000095f00000|  0%| F|  |TAMS 0x0000000095e00000| PB 0x0000000095e00000| Untracked 
| 351|0x0000000095f00000, 0x0000000095f00000, 0x0000000096000000|  0%| F|  |TAMS 0x0000000095f00000| PB 0x0000000095f00000| Untracked 
| 352|0x0000000096000000, 0x0000000096000000, 0x0000000096100000|  0%| F|  |TAMS 0x0000000096000000| PB 0x0000000096000000| Untracked 
| 353|0x0000000096100000, 0x0000000096100000, 0x0000000096200000|  0%| F|  |TAMS 0x0000000096100000| PB 0x0000000096100000| Untracked 
| 354|0x0000000096200000, 0x0000000096200000, 0x0000000096300000|  0%| F|  |TAMS 0x0000000096200000| PB 0x0000000096200000| Untracked 
| 355|0x0000000096300000, 0x0000000096300000, 0x0000000096400000|  0%| F|  |TAMS 0x0000000096300000| PB 0x0000000096300000| Untracked 
| 356|0x0000000096400000, 0x0000000096400000, 0x0000000096500000|  0%| F|  |TAMS 0x0000000096400000| PB 0x0000000096400000| Untracked 
| 357|0x0000000096500000, 0x0000000096500000, 0x0000000096600000|  0%| F|  |TAMS 0x0000000096500000| PB 0x0000000096500000| Untracked 
| 358|0x0000000096600000, 0x0000000096600000, 0x0000000096700000|  0%| F|  |TAMS 0x0000000096600000| PB 0x0000000096600000| Untracked 
| 359|0x0000000096700000, 0x0000000096700000, 0x0000000096800000|  0%| F|  |TAMS 0x0000000096700000| PB 0x0000000096700000| Untracked 
| 360|0x0000000096800000, 0x0000000096800000, 0x0000000096900000|  0%| F|  |TAMS 0x0000000096800000| PB 0x0000000096800000| Untracked 
| 361|0x0000000096900000, 0x0000000096900000, 0x0000000096a00000|  0%| F|  |TAMS 0x0000000096900000| PB 0x0000000096900000| Untracked 
| 362|0x0000000096a00000, 0x0000000096a00000, 0x0000000096b00000|  0%| F|  |TAMS 0x0000000096a00000| PB 0x0000000096a00000| Untracked 
| 363|0x0000000096b00000, 0x0000000096b00000, 0x0000000096c00000|  0%| F|  |TAMS 0x0000000096b00000| PB 0x0000000096b00000| Untracked 
| 364|0x0000000096c00000, 0x0000000096c00000, 0x0000000096d00000|  0%| F|  |TAMS 0x0000000096c00000| PB 0x0000000096c00000| Untracked 
| 365|0x0000000096d00000, 0x0000000096d00000, 0x0000000096e00000|  0%| F|  |TAMS 0x0000000096d00000| PB 0x0000000096d00000| Untracked 
| 366|0x0000000096e00000, 0x0000000096e00000, 0x0000000096f00000|  0%| F|  |TAMS 0x0000000096e00000| PB 0x0000000096e00000| Untracked 
| 367|0x0000000096f00000, 0x0000000096f00000, 0x0000000097000000|  0%| F|  |TAMS 0x0000000096f00000| PB 0x0000000096f00000| Untracked 
| 368|0x0000000097000000, 0x0000000097000000, 0x0000000097100000|  0%| F|  |TAMS 0x0000000097000000| PB 0x0000000097000000| Untracked 
| 369|0x0000000097100000, 0x0000000097100000, 0x0000000097200000|  0%| F|  |TAMS 0x0000000097100000| PB 0x0000000097100000| Untracked 
| 370|0x0000000097200000, 0x0000000097200000, 0x0000000097300000|  0%| F|  |TAMS 0x0000000097200000| PB 0x0000000097200000| Untracked 
| 371|0x0000000097300000, 0x0000000097300000, 0x0000000097400000|  0%| F|  |TAMS 0x0000000097300000| PB 0x0000000097300000| Untracked 
| 372|0x0000000097400000, 0x0000000097400000, 0x0000000097500000|  0%| F|  |TAMS 0x0000000097400000| PB 0x0000000097400000| Untracked 
| 373|0x0000000097500000, 0x0000000097500000, 0x0000000097600000|  0%| F|  |TAMS 0x0000000097500000| PB 0x0000000097500000| Untracked 
| 374|0x0000000097600000, 0x0000000097600000, 0x0000000097700000|  0%| F|  |TAMS 0x0000000097600000| PB 0x0000000097600000| Untracked 
| 375|0x0000000097700000, 0x0000000097700000, 0x0000000097800000|  0%| F|  |TAMS 0x0000000097700000| PB 0x0000000097700000| Untracked 
| 376|0x0000000097800000, 0x0000000097800000, 0x0000000097900000|  0%| F|  |TAMS 0x0000000097800000| PB 0x0000000097800000| Untracked 
| 377|0x0000000097900000, 0x0000000097900000, 0x0000000097a00000|  0%| F|  |TAMS 0x0000000097900000| PB 0x0000000097900000| Untracked 
| 378|0x0000000097a00000, 0x0000000097a00000, 0x0000000097b00000|  0%| F|  |TAMS 0x0000000097a00000| PB 0x0000000097a00000| Untracked 
| 379|0x0000000097b00000, 0x0000000097b00000, 0x0000000097c00000|  0%| F|  |TAMS 0x0000000097b00000| PB 0x0000000097b00000| Untracked 
| 380|0x0000000097c00000, 0x0000000097c00000, 0x0000000097d00000|  0%| F|  |TAMS 0x0000000097c00000| PB 0x0000000097c00000| Untracked 
| 381|0x0000000097d00000, 0x0000000097d00000, 0x0000000097e00000|  0%| F|  |TAMS 0x0000000097d00000| PB 0x0000000097d00000| Untracked 
| 382|0x0000000097e00000, 0x0000000097e00000, 0x0000000097f00000|  0%| F|  |TAMS 0x0000000097e00000| PB 0x0000000097e00000| Untracked 
| 383|0x0000000097f00000, 0x0000000097f00000, 0x0000000098000000|  0%| F|  |TAMS 0x0000000097f00000| PB 0x0000000097f00000| Untracked 
| 384|0x0000000098000000, 0x0000000098000000, 0x0000000098100000|  0%| F|  |TAMS 0x0000000098000000| PB 0x0000000098000000| Untracked 
| 385|0x0000000098100000, 0x0000000098100000, 0x0000000098200000|  0%| F|  |TAMS 0x0000000098100000| PB 0x0000000098100000| Untracked 
| 386|0x0000000098200000, 0x0000000098200000, 0x0000000098300000|  0%| F|  |TAMS 0x0000000098200000| PB 0x0000000098200000| Untracked 
| 387|0x0000000098300000, 0x0000000098300000, 0x0000000098400000|  0%| F|  |TAMS 0x0000000098300000| PB 0x0000000098300000| Untracked 
| 388|0x0000000098400000, 0x0000000098400000, 0x0000000098500000|  0%| F|  |TAMS 0x0000000098400000| PB 0x0000000098400000| Untracked 
| 389|0x0000000098500000, 0x0000000098500000, 0x0000000098600000|  0%| F|  |TAMS 0x0000000098500000| PB 0x0000000098500000| Untracked 
| 390|0x0000000098600000, 0x0000000098600000, 0x0000000098700000|  0%| F|  |TAMS 0x0000000098600000| PB 0x0000000098600000| Untracked 
| 391|0x0000000098700000, 0x0000000098700000, 0x0000000098800000|  0%| F|  |TAMS 0x0000000098700000| PB 0x0000000098700000| Untracked 
| 392|0x0000000098800000, 0x0000000098800000, 0x0000000098900000|  0%| F|  |TAMS 0x0000000098800000| PB 0x0000000098800000| Untracked 
| 393|0x0000000098900000, 0x0000000098900000, 0x0000000098a00000|  0%| F|  |TAMS 0x0000000098900000| PB 0x0000000098900000| Untracked 
| 394|0x0000000098a00000, 0x0000000098a80000, 0x0000000098b00000| 50%| E|  |TAMS 0x0000000098a00000| PB 0x0000000098a00000| Complete 
| 395|0x0000000098b00000, 0x0000000098c00000, 0x0000000098c00000|100%| E|CS|TAMS 0x0000000098b00000| PB 0x0000000098b00000| Complete 
| 396|0x0000000098c00000, 0x0000000098d00000, 0x0000000098d00000|100%| E|CS|TAMS 0x0000000098c00000| PB 0x0000000098c00000| Complete 
| 397|0x0000000098d00000, 0x0000000098e00000, 0x0000000098e00000|100%| E|CS|TAMS 0x0000000098d00000| PB 0x0000000098d00000| Complete 
| 398|0x0000000098e00000, 0x0000000098f00000, 0x0000000098f00000|100%| E|CS|TAMS 0x0000000098e00000| PB 0x0000000098e00000| Complete 
| 399|0x0000000098f00000, 0x0000000099000000, 0x0000000099000000|100%| E|CS|TAMS 0x0000000098f00000| PB 0x0000000098f00000| Complete 
|2017|0x00000000fe100000, 0x00000000fe200000, 0x00000000fe200000|100%| O|  |TAMS 0x00000000fe200000| PB 0x00000000fe100000| Untracked 
|2018|0x00000000fe200000, 0x00000000fe300000, 0x00000000fe300000|100%| E|CS|TAMS 0x00000000fe200000| PB 0x00000000fe200000| Complete 
|2019|0x00000000fe300000, 0x00000000fe400000, 0x00000000fe400000|100%| E|CS|TAMS 0x00000000fe300000| PB 0x00000000fe300000| Complete 
|2020|0x00000000fe400000, 0x00000000fe500000, 0x00000000fe500000|100%| E|CS|TAMS 0x00000000fe400000| PB 0x00000000fe400000| Complete 
|2021|0x00000000fe500000, 0x00000000fe600000, 0x00000000fe600000|100%| E|CS|TAMS 0x00000000fe500000| PB 0x00000000fe500000| Complete 
|2022|0x00000000fe600000, 0x00000000fe700000, 0x00000000fe700000|100%| E|CS|TAMS 0x00000000fe600000| PB 0x00000000fe600000| Complete 
|2023|0x00000000fe700000, 0x00000000fe800000, 0x00000000fe800000|100%| E|CS|TAMS 0x00000000fe700000| PB 0x00000000fe700000| Complete 
|2024|0x00000000fe800000, 0x00000000fe900000, 0x00000000fe900000|100%| O|  |TAMS 0x00000000fe900000| PB 0x00000000fe800000| Untracked 
|2025|0x00000000fe900000, 0x00000000fea00000, 0x00000000fea00000|100%| O|  |TAMS 0x00000000fea00000| PB 0x00000000fe900000| Untracked 
|2026|0x00000000fea00000, 0x00000000feb00000, 0x00000000feb00000|100%| O|  |TAMS 0x00000000feb00000| PB 0x00000000fea00000| Untracked 
|2027|0x00000000feb00000, 0x00000000fec00000, 0x00000000fec00000|100%| O|  |TAMS 0x00000000fec00000| PB 0x00000000feb00000| Untracked 
|2028|0x00000000fec00000, 0x00000000fed00000, 0x00000000fed00000|100%| O|  |TAMS 0x00000000fed00000| PB 0x00000000fec00000| Untracked 
|2029|0x00000000fed00000, 0x00000000fee00000, 0x00000000fee00000|100%| O|  |TAMS 0x00000000fee00000| PB 0x00000000fed00000| Untracked 
|2030|0x00000000fee00000, 0x00000000fef00000, 0x00000000fef00000|100%| O|  |TAMS 0x00000000fef00000| PB 0x00000000fee00000| Untracked 
|2031|0x00000000fef00000, 0x00000000ff000000, 0x00000000ff000000|100%| E|CS|TAMS 0x00000000fef00000| PB 0x00000000fef00000| Complete 
|2032|0x00000000ff000000, 0x00000000ff100000, 0x00000000ff100000|100%| O|  |TAMS 0x00000000ff100000| PB 0x00000000ff000000| Untracked 
|2033|0x00000000ff100000, 0x00000000ff200000, 0x00000000ff200000|100%| O|  |TAMS 0x00000000ff200000| PB 0x00000000ff100000| Untracked 
|2034|0x00000000ff200000, 0x00000000ff300000, 0x00000000ff300000|100%| O|  |TAMS 0x00000000ff300000| PB 0x00000000ff200000| Untracked 
|2035|0x00000000ff300000, 0x00000000ff400000, 0x00000000ff400000|100%| O|  |TAMS 0x00000000ff400000| PB 0x00000000ff300000| Untracked 
|2036|0x00000000ff400000, 0x00000000ff500000, 0x00000000ff500000|100%| O|  |TAMS 0x00000000ff500000| PB 0x00000000ff400000| Untracked 
|2037|0x00000000ff500000, 0x00000000ff600000, 0x00000000ff600000|100%| O|  |TAMS 0x00000000ff600000| PB 0x00000000ff500000| Untracked 
|2038|0x00000000ff600000, 0x00000000ff700000, 0x00000000ff700000|100%| E|CS|TAMS 0x00000000ff600000| PB 0x00000000ff600000| Complete 
|2039|0x00000000ff700000, 0x00000000ff800000, 0x00000000ff800000|100%| E|CS|TAMS 0x00000000ff700000| PB 0x00000000ff700000| Complete 
|2040|0x00000000ff800000, 0x00000000ff900000, 0x00000000ff900000|100%| O|  |TAMS 0x00000000ff900000| PB 0x00000000ff800000| Untracked 
|2041|0x00000000ff900000, 0x00000000ffa00000, 0x00000000ffa00000|100%| O|  |TAMS 0x00000000ffa00000| PB 0x00000000ff900000| Untracked 
|2042|0x00000000ffa00000, 0x00000000ffb00000, 0x00000000ffb00000|100%| E|CS|TAMS 0x00000000ffa00000| PB 0x00000000ffa00000| Complete 
|2043|0x00000000ffb00000, 0x00000000ffc00000, 0x00000000ffc00000|100%| O|  |TAMS 0x00000000ffc00000| PB 0x00000000ffb00000| Untracked 
|2044|0x00000000ffc00000, 0x00000000ffd00000, 0x00000000ffd00000|100%| O|  |TAMS 0x00000000ffd00000| PB 0x00000000ffc00000| Untracked 
|2045|0x00000000ffd00000, 0x00000000ffe00000, 0x00000000ffe00000|100%| E|CS|TAMS 0x00000000ffd00000| PB 0x00000000ffd00000| Complete 
|2046|0x00000000ffe00000, 0x00000000fff00000, 0x00000000fff00000|100%| E|CS|TAMS 0x00000000ffe00000| PB 0x00000000ffe00000| Complete 
|2047|0x00000000fff00000, 0x0000000100000000, 0x0000000100000000|100%| E|CS|TAMS 0x00000000fff00000| PB 0x00000000fff00000| Complete 

Card table byte_map: [0x000001fafe250000,0x000001fafe650000] _byte_map_base: 0x000001fafde50000

Marking Bits: (CMBitMap*) 0x000001fafa7f4b10
 Bits: [0x000001fa8f000000, 0x000001fa91000000)

Polling page: 0x000001faf8400000

Metaspace:

Usage:
  Non-class:    127.33 MB used.
      Class:     20.74 MB used.
       Both:    148.07 MB used.

Virtual space:
  Non-class space:      192.00 MB reserved,     128.56 MB ( 67%) committed,  3 nodes.
      Class space:        1.00 GB reserved,      21.94 MB (  2%) committed,  1 nodes.
             Both:        1.19 GB reserved,     150.50 MB ( 12%) committed. 

Chunk freelists:
   Non-Class:  15.45 MB
       Class:  10.11 MB
        Both:  25.56 MB

MaxMetaspaceSize: unlimited
CompressedClassSpaceSize: 1.00 GB
Initial GC threshold: 21.00 MB
Current GC threshold: 250.62 MB
CDS: off
 - commit_granule_bytes: 65536.
 - commit_granule_words: 8192.
 - virtual_space_node_default_size: 8388608.
 - enlarge_chunks_in_place: 1.
 - use_allocation_guard: 0.


Internal statistics:

num_allocs_failed_limit: 6.
num_arena_births: 4918.
num_arena_deaths: 38.
num_vsnodes_births: 4.
num_vsnodes_deaths: 0.
num_space_committed: 2407.
num_space_uncommitted: 0.
num_chunks_returned_to_freelist: 61.
num_chunks_taken_from_freelist: 11415.
num_chunk_merges: 24.
num_chunk_splits: 7524.
num_chunks_enlarged: 4896.
num_inconsistent_stats: 0.

CodeHeap 'non-profiled nmethods': size=120000Kb used=11488Kb max_used=11606Kb free=108511Kb
 bounds [0x000001fa87ad0000, 0x000001fa886a0000, 0x000001fa8f000000]
CodeHeap 'profiled nmethods': size=120000Kb used=37880Kb max_used=40400Kb free=82119Kb
 bounds [0x000001fa80000000, 0x000001fa827a0000, 0x000001fa87530000]
CodeHeap 'non-nmethods': size=5760Kb used=2099Kb max_used=2185Kb free=3660Kb
 bounds [0x000001fa87530000, 0x000001fa877a0000, 0x000001fa87ad0000]
CodeCache: size=245760Kb, used=51467Kb, max_used=54191Kb, free=194290Kb
 total_blobs=18358, nmethods=17390, adapters=871, full_count=0
Compilation: enabled, stopped_count=0, restarted_count=0

Compilation events (20 events):
Event: 49.423 Thread 0x000001faff409050 24773       2       com.android.tools.r8.graph.ta::a (157 bytes)
Event: 49.424 Thread 0x000001faff409050 nmethod 24773 0x000001fa82755410 code [0x000001fa82755660, 0x000001fa82755d30]
Event: 49.458 Thread 0x000001faff409050 24774       2       sun.security.provider.SHA2::implDigest (98 bytes)
Event: 49.460 Thread 0x000001faff409050 nmethod 24774 0x000001fa8207ff90 code [0x000001fa820801a0, 0x000001fa82080628]
Event: 49.464 Thread 0x000001faff409050 24775       3       com.android.tools.r8.graph.i6::a (6 bytes)
Event: 49.465 Thread 0x000001faff409050 nmethod 24775 0x000001fa826fd090 code [0x000001fa826fd280, 0x000001fa826fd798]
Event: 49.466 Thread 0x000001faff409050 24776       2       com.android.tools.r8.graph.e::a (104 bytes)
Event: 49.467 Thread 0x000001faff409050 nmethod 24776 0x000001fa8094e290 code [0x000001fa8094e4e0, 0x000001fa8094e8c8]
Event: 49.468 Thread 0x000001faff409050 24777       2       com.android.tools.r8.graph.i3::getAccessFlags (5 bytes)
Event: 49.469 Thread 0x000001faff409050 nmethod 24777 0x000001fa82096110 code [0x000001fa820962a0, 0x000001fa820963a8]
Event: 49.490 Thread 0x000001faff409050 24779       3       com.android.tools.r8.internal.sl::a (48 bytes)
Event: 49.491 Thread 0x000001faff409050 nmethod 24779 0x000001fa80b35f10 code [0x000001fa80b36120, 0x000001fa80b36618]
Event: 49.501 Thread 0x000001faff409050 24780       2       com.android.tools.r8.internal.y4::c (11 bytes)
Event: 49.502 Thread 0x000001faff409050 nmethod 24780 0x000001fa820c4510 code [0x000001fa820c46c0, 0x000001fa820c4848]
Event: 49.502 Thread 0x000001faff409050 24781       2       com.android.tools.r8.internal.ve0::<init> (8 bytes)
Event: 49.502 Thread 0x000001faff409050 nmethod 24781 0x000001fa82526f10 code [0x000001fa825270c0, 0x000001fa825271e0]
Event: 49.597 Thread 0x000001faff409050 24783       2       com.android.tools.r8.internal.td4::b (11 bytes)
Event: 49.597 Thread 0x000001faff409050 nmethod 24783 0x000001fa82700610 code [0x000001fa827007c0, 0x000001fa82700948]
Event: 49.597 Thread 0x000001faff409050 24784       2       com.android.tools.r8.internal.cq0::<init> (8 bytes)
Event: 49.598 Thread 0x000001faff409050 nmethod 24784 0x000001fa82728610 code [0x000001fa827287c0, 0x000001fa827288e0]

GC Heap History (20 events):
Event: 44.505 GC heap before
{Heap before GC invocations=81 (full 0):
 garbage-first heap   total 431104K, used 407348K [0x0000000080000000, 0x0000000100000000)
  region size 1024K, 205 young (209920K), 12 survivors (12288K)
 Metaspace       used 151304K, committed 153792K, reserved 1245184K
  class space    used 21220K, committed 22400K, reserved 1048576K
}
Event: 44.516 GC heap after
{Heap after GC invocations=82 (full 0):
 garbage-first heap   total 431104K, used 210647K [0x0000000080000000, 0x0000000100000000)
  region size 1024K, 12 young (12288K), 12 survivors (12288K)
 Metaspace       used 151304K, committed 153792K, reserved 1245184K
  class space    used 21220K, committed 22400K, reserved 1048576K
}
Event: 45.288 GC heap before
{Heap before GC invocations=83 (full 0):
 garbage-first heap   total 431104K, used 407255K [0x0000000080000000, 0x0000000100000000)
  region size 1024K, 205 young (209920K), 12 survivors (12288K)
 Metaspace       used 151347K, committed 153792K, reserved 1245184K
  class space    used 21222K, committed 22400K, reserved 1048576K
}
Event: 45.300 GC heap after
{Heap after GC invocations=84 (full 0):
 garbage-first heap   total 431104K, used 211009K [0x0000000080000000, 0x0000000100000000)
  region size 1024K, 13 young (13312K), 13 survivors (13312K)
 Metaspace       used 151347K, committed 153792K, reserved 1245184K
  class space    used 21222K, committed 22400K, reserved 1048576K
}
Event: 45.663 GC heap before
{Heap before GC invocations=84 (full 0):
 garbage-first heap   total 431104K, used 406593K [0x0000000080000000, 0x0000000100000000)
  region size 1024K, 205 young (209920K), 13 survivors (13312K)
 Metaspace       used 151401K, committed 153856K, reserved 1245184K
  class space    used 21228K, committed 22400K, reserved 1048576K
}
Event: 45.680 GC heap after
{Heap after GC invocations=85 (full 0):
 garbage-first heap   total 431104K, used 211942K [0x0000000080000000, 0x0000000100000000)
  region size 1024K, 18 young (18432K), 18 survivors (18432K)
 Metaspace       used 151401K, committed 153856K, reserved 1245184K
  class space    used 21228K, committed 22400K, reserved 1048576K
}
Event: 46.140 GC heap before
{Heap before GC invocations=85 (full 0):
 garbage-first heap   total 431104K, used 406502K [0x0000000080000000, 0x0000000100000000)
  region size 1024K, 209 young (214016K), 18 survivors (18432K)
 Metaspace       used 151437K, committed 153920K, reserved 1245184K
  class space    used 21228K, committed 22400K, reserved 1048576K
}
Event: 46.163 GC heap after
{Heap after GC invocations=86 (full 0):
 garbage-first heap   total 435200K, used 220512K [0x0000000080000000, 0x0000000100000000)
  region size 1024K, 24 young (24576K), 24 survivors (24576K)
 Metaspace       used 151437K, committed 153920K, reserved 1245184K
  class space    used 21228K, committed 22400K, reserved 1048576K
}
Event: 46.762 GC heap before
{Heap before GC invocations=87 (full 0):
 garbage-first heap   total 435200K, used 410976K [0x0000000080000000, 0x0000000100000000)
  region size 1024K, 211 young (216064K), 24 survivors (24576K)
 Metaspace       used 151509K, committed 153984K, reserved 1245184K
  class space    used 21231K, committed 22400K, reserved 1048576K
}
Event: 46.781 GC heap after
{Heap after GC invocations=88 (full 0):
 garbage-first heap   total 441344K, used 224398K [0x0000000080000000, 0x0000000100000000)
  region size 1024K, 16 young (16384K), 16 survivors (16384K)
 Metaspace       used 151509K, committed 153984K, reserved 1245184K
  class space    used 21231K, committed 22400K, reserved 1048576K
}
Event: 47.267 GC heap before
{Heap before GC invocations=88 (full 0):
 garbage-first heap   total 441344K, used 416910K [0x0000000080000000, 0x0000000100000000)
  region size 1024K, 204 young (208896K), 16 survivors (16384K)
 Metaspace       used 151545K, committed 153984K, reserved 1245184K
  class space    used 21232K, committed 22400K, reserved 1048576K
}
Event: 47.284 GC heap after
{Heap after GC invocations=89 (full 0):
 garbage-first heap   total 441344K, used 223669K [0x0000000080000000, 0x0000000100000000)
  region size 1024K, 9 young (9216K), 9 survivors (9216K)
 Metaspace       used 151545K, committed 153984K, reserved 1245184K
  class space    used 21232K, committed 22400K, reserved 1048576K
}
Event: 47.709 GC heap before
{Heap before GC invocations=89 (full 0):
 garbage-first heap   total 441344K, used 417205K [0x0000000080000000, 0x0000000100000000)
  region size 1024K, 198 young (202752K), 9 survivors (9216K)
 Metaspace       used 151557K, committed 153984K, reserved 1245184K
  class space    used 21233K, committed 22400K, reserved 1048576K
}
Event: 47.718 GC heap after
{Heap after GC invocations=90 (full 0):
 garbage-first heap   total 441344K, used 224107K [0x0000000080000000, 0x0000000100000000)
  region size 1024K, 10 young (10240K), 10 survivors (10240K)
 Metaspace       used 151557K, committed 153984K, reserved 1245184K
  class space    used 21233K, committed 22400K, reserved 1048576K
}
Event: 48.559 GC heap before
{Heap before GC invocations=91 (full 0):
 garbage-first heap   total 441344K, used 416619K [0x0000000080000000, 0x0000000100000000)
  region size 1024K, 198 young (202752K), 10 survivors (10240K)
 Metaspace       used 151575K, committed 154048K, reserved 1245184K
  class space    used 21233K, committed 22400K, reserved 1048576K
}
Event: 48.570 GC heap after
{Heap after GC invocations=92 (full 0):
 garbage-first heap   total 441344K, used 224262K [0x0000000080000000, 0x0000000100000000)
  region size 1024K, 10 young (10240K), 10 survivors (10240K)
 Metaspace       used 151575K, committed 154048K, reserved 1245184K
  class space    used 21233K, committed 22400K, reserved 1048576K
}
Event: 49.156 GC heap before
{Heap before GC invocations=92 (full 0):
 garbage-first heap   total 441344K, used 415750K [0x0000000080000000, 0x0000000100000000)
  region size 1024K, 198 young (202752K), 10 survivors (10240K)
 Metaspace       used 151607K, committed 154112K, reserved 1245184K
  class space    used 21236K, committed 22464K, reserved 1048576K
}
Event: 49.167 GC heap after
{Heap after GC invocations=93 (full 0):
 garbage-first heap   total 441344K, used 218306K [0x0000000080000000, 0x0000000100000000)
  region size 1024K, 8 young (8192K), 8 survivors (8192K)
 Metaspace       used 151607K, committed 154112K, reserved 1245184K
  class space    used 21236K, committed 22464K, reserved 1048576K
}
Event: 49.662 GC heap before
{Heap before GC invocations=93 (full 0):
 garbage-first heap   total 441344K, used 416962K [0x0000000080000000, 0x0000000100000000)
  region size 1024K, 202 young (206848K), 8 survivors (8192K)
 Metaspace       used 151617K, committed 154112K, reserved 1245184K
  class space    used 21236K, committed 22464K, reserved 1048576K
}
Event: 49.671 GC heap after
{Heap after GC invocations=94 (full 0):
 garbage-first heap   total 441344K, used 219397K [0x0000000080000000, 0x0000000100000000)
  region size 1024K, 9 young (9216K), 9 survivors (9216K)
 Metaspace       used 151617K, committed 154112K, reserved 1245184K
  class space    used 21236K, committed 22464K, reserved 1048576K
}

Dll operation events (3 events):
Event: 0.026 Loaded shared library C:\Program Files\Android\Android Studio\jbr\bin\java.dll
Event: 0.038 Loaded shared library C:\Program Files\Android\Android Studio\jbr\bin\zip.dll
Event: 1.413 Loaded shared library C:\Program Files\Android\Android Studio\jbr\bin\verify.dll

Deoptimization events (20 events):
Event: 49.462 Thread 0x000001fa9b83e9a0 DEOPT PACKING pc=0x000001fa823a59a2 sp=0x000000b6fcaf8d80
Event: 49.462 Thread 0x000001fa9b83e9a0 DEOPT UNPACKING pc=0x000001fa87584b42 sp=0x000000b6fcaf8480 mode 0
Event: 49.482 Thread 0x000001fa9b2b4c70 DEOPT PACKING pc=0x000001fa8233843c sp=0x000000b6fcff8d00
Event: 49.482 Thread 0x000001fa9b2b4c70 DEOPT UNPACKING pc=0x000001fa87584b42 sp=0x000000b6fcff8430 mode 0
Event: 49.500 Thread 0x000001fa9b840a70 DEOPT PACKING pc=0x000001fa823a59a2 sp=0x000000b6fc8f8e20
Event: 49.500 Thread 0x000001fa9b840a70 DEOPT UNPACKING pc=0x000001fa87584b42 sp=0x000000b6fc8f8520 mode 0
Event: 49.524 Thread 0x000001fa9b840a70 DEOPT PACKING pc=0x000001fa823a59a2 sp=0x000000b6fc8f8e20
Event: 49.524 Thread 0x000001fa9b840a70 DEOPT UNPACKING pc=0x000001fa87584b42 sp=0x000000b6fc8f8520 mode 0
Event: 49.543 Thread 0x000001fa9b841e20 DEOPT PACKING pc=0x000001fa824356d4 sp=0x000000b6fc9f9790
Event: 49.543 Thread 0x000001fa9b841e20 DEOPT UNPACKING pc=0x000001fa87584b42 sp=0x000000b6fc9f8fa0 mode 0
Event: 49.554 Thread 0x000001fa9b840a70 DEOPT PACKING pc=0x000001fa8233843c sp=0x000000b6fc8f8e20
Event: 49.554 Thread 0x000001fa9b840a70 DEOPT UNPACKING pc=0x000001fa87584b42 sp=0x000000b6fc8f8550 mode 0
Event: 49.587 Thread 0x000001fa9b841e20 DEOPT PACKING pc=0x000001fa8233843c sp=0x000000b6fc9f89d0
Event: 49.587 Thread 0x000001fa9b841e20 DEOPT UNPACKING pc=0x000001fa87584b42 sp=0x000000b6fc9f8100 mode 0
Event: 49.602 Thread 0x000001fa9b83e9a0 DEOPT PACKING pc=0x000001fa823a5af7 sp=0x000000b6fcaf8d80
Event: 49.602 Thread 0x000001fa9b83e9a0 DEOPT UNPACKING pc=0x000001fa87584b42 sp=0x000000b6fcaf8480 mode 0
Event: 49.642 Thread 0x000001fa9b2b4c70 DEOPT PACKING pc=0x000001fa823a5af7 sp=0x000000b6fcff8d00
Event: 49.642 Thread 0x000001fa9b2b4c70 DEOPT UNPACKING pc=0x000001fa87584b42 sp=0x000000b6fcff8400 mode 0
Event: 49.651 Thread 0x000001fa9b840a70 DEOPT PACKING pc=0x000001fa8233843c sp=0x000000b6fc8f8af0
Event: 49.651 Thread 0x000001fa9b840a70 DEOPT UNPACKING pc=0x000001fa87584b42 sp=0x000000b6fc8f8220 mode 0

Classes loaded (20 events):
Event: 38.271 Loading class java/util/IdentityHashMap$IdentityHashMapSpliterator done
Event: 38.271 Loading class java/util/IdentityHashMap$EntrySpliterator done
Event: 38.334 Loading class java/util/SortedSet$1
Event: 38.334 Loading class java/util/SortedSet$1 done
Event: 38.361 Loading class java/util/PriorityQueue
Event: 38.362 Loading class java/util/PriorityQueue done
Event: 38.387 Loading class java/util/IdentityHashMap$ValueIterator
Event: 38.387 Loading class java/util/IdentityHashMap$ValueIterator done
Event: 39.740 Loading class java/util/concurrent/ConcurrentHashMap$TreeNode
Event: 39.741 Loading class java/util/concurrent/ConcurrentHashMap$TreeNode done
Event: 39.741 Loading class java/util/concurrent/ConcurrentHashMap$TreeBin
Event: 39.742 Loading class java/util/concurrent/ConcurrentHashMap$TreeBin done
Event: 40.354 Loading class java/nio/ShortBuffer
Event: 40.355 Loading class java/nio/ShortBuffer done
Event: 40.447 Loading class java/nio/ByteBufferAsShortBufferL
Event: 40.448 Loading class java/nio/ByteBufferAsShortBufferL done
Event: 40.522 Loading class java/util/zip/Adler32
Event: 40.523 Loading class java/util/zip/Adler32 done
Event: 40.573 Loading class java/nio/file/Files$2
Event: 40.573 Loading class java/nio/file/Files$2 done

Classes unloaded (19 events):
Event: 39.241 Thread 0x000001faff3aa3a0 Unloading class 0x0000000101324c00 'java/lang/invoke/LambdaForm$DMH+0x0000000101324c00'
Event: 39.241 Thread 0x000001faff3aa3a0 Unloading class 0x0000000101324400 'java/lang/invoke/LambdaForm$DMH+0x0000000101324400'
Event: 39.241 Thread 0x000001faff3aa3a0 Unloading class 0x0000000101324800 'java/lang/invoke/LambdaForm$DMH+0x0000000101324800'
Event: 39.241 Thread 0x000001faff3aa3a0 Unloading class 0x00000001011c1800 'java/lang/invoke/LambdaForm$DMH+0x00000001011c1800'
Event: 39.241 Thread 0x000001faff3aa3a0 Unloading class 0x00000001011c1400 'java/lang/invoke/LambdaForm$DMH+0x00000001011c1400'
Event: 39.241 Thread 0x000001faff3aa3a0 Unloading class 0x00000001011c1000 'java/lang/invoke/LambdaForm$DMH+0x00000001011c1000'
Event: 39.241 Thread 0x000001faff3aa3a0 Unloading class 0x00000001011c0400 'java/lang/invoke/LambdaForm$DMH+0x00000001011c0400'
Event: 39.241 Thread 0x000001faff3aa3a0 Unloading class 0x00000001011c0c00 'java/lang/invoke/LambdaForm$DMH+0x00000001011c0c00'
Event: 39.241 Thread 0x000001faff3aa3a0 Unloading class 0x00000001011c1c00 'java/lang/invoke/LambdaForm$DMH+0x00000001011c1c00'
Event: 39.241 Thread 0x000001faff3aa3a0 Unloading class 0x00000001011c0000 'java/lang/invoke/LambdaForm$DMH+0x00000001011c0000'
Event: 41.284 Thread 0x000001faff3aa3a0 Unloading class 0x0000000101500400 'java/lang/invoke/LambdaForm$DMH+0x0000000101500400'
Event: 41.284 Thread 0x000001faff3aa3a0 Unloading class 0x0000000101500800 'java/lang/invoke/LambdaForm$DMH+0x0000000101500800'
Event: 41.284 Thread 0x000001faff3aa3a0 Unloading class 0x00000001014b8800 'java/lang/invoke/LambdaForm$DMH+0x00000001014b8800'
Event: 41.284 Thread 0x000001faff3aa3a0 Unloading class 0x00000001014b8400 'java/lang/invoke/LambdaForm$DMH+0x00000001014b8400'
Event: 41.284 Thread 0x000001faff3aa3a0 Unloading class 0x000000010139d400 'java/lang/invoke/LambdaForm$DMH+0x000000010139d400'
Event: 41.284 Thread 0x000001faff3aa3a0 Unloading class 0x000000010139d000 'java/lang/invoke/LambdaForm$DMH+0x000000010139d000'
Event: 41.284 Thread 0x000001faff3aa3a0 Unloading class 0x000000010139cc00 'java/lang/invoke/LambdaForm$DMH+0x000000010139cc00'
Event: 41.284 Thread 0x000001faff3aa3a0 Unloading class 0x000000010139c800 'java/lang/invoke/LambdaForm$DMH+0x000000010139c800'
Event: 41.284 Thread 0x000001faff3aa3a0 Unloading class 0x000000010139c400 'java/lang/invoke/LambdaForm$DMH+0x000000010139c400'

Classes redefined (0 events):
No events

Internal exceptions (20 events):
Event: 45.430 Thread 0x000001fa9b2b73d0 Exception <a 'sun/nio/fs/WindowsException'{0x0000000095db0748}> (0x0000000095db0748) 
thrown [s\src\hotspot\share\prims\jni.cpp, line 537]
Event: 46.368 Thread 0x000001fa9b841100 Exception <a 'sun/nio/fs/WindowsException'{0x00000000980f12f8}> (0x00000000980f12f8) 
thrown [s\src\hotspot\share\prims\jni.cpp, line 537]
Event: 46.379 Thread 0x000001fa9b841100 Exception <a 'sun/nio/fs/WindowsException'{0x0000000097dee728}> (0x0000000097dee728) 
thrown [s\src\hotspot\share\prims\jni.cpp, line 537]
Event: 46.653 Thread 0x000001fa9b83cf60 Exception <a 'sun/nio/fs/WindowsException'{0x00000000916f7e20}> (0x00000000916f7e20) 
thrown [s\src\hotspot\share\prims\jni.cpp, line 537]
Event: 47.101 Thread 0x000001fa9b840a70 Exception <a 'sun/nio/fs/WindowsException'{0x000000009219d8b8}> (0x000000009219d8b8) 
thrown [s\src\hotspot\share\prims\jni.cpp, line 537]
Event: 47.148 Thread 0x000001fa9b83cf60 Exception <a 'sun/nio/fs/WindowsException'{0x0000000091bd56b0}> (0x0000000091bd56b0) 
thrown [s\src\hotspot\share\prims\jni.cpp, line 537]
Event: 47.185 Thread 0x000001fa9b83cf60 Exception <a 'sun/nio/fs/WindowsException'{0x0000000091bec928}> (0x0000000091bec928) 
thrown [s\src\hotspot\share\prims\jni.cpp, line 537]
Event: 47.187 Thread 0x000001faa3700f30 Exception <a 'sun/nio/fs/WindowsException'{0x0000000090488310}> (0x0000000090488310) 
thrown [s\src\hotspot\share\prims\jni.cpp, line 537]
Event: 47.201 Thread 0x000001faa3700f30 Exception <a 'sun/nio/fs/WindowsException'{0x000000008fc07868}> (0x000000008fc07868) 
thrown [s\src\hotspot\share\prims\jni.cpp, line 537]
Event: 47.201 Thread 0x000001faa3700f30 Exception <a 'sun/nio/fs/WindowsException'{0x000000008fcfa430}> (0x000000008fcfa430) 
thrown [s\src\hotspot\share\prims\jni.cpp, line 537]
Event: 47.204 Thread 0x000001faa3700f30 Exception <a 'sun/nio/fs/WindowsException'{0x000000008fb87878}> (0x000000008fb87878) 
thrown [s\src\hotspot\share\prims\jni.cpp, line 537]
Event: 47.204 Thread 0x000001faa3700f30 Exception <a 'sun/nio/fs/WindowsException'{0x000000008fa01290}> (0x000000008fa01290) 
thrown [s\src\hotspot\share\prims\jni.cpp, line 537]
Event: 47.204 Thread 0x000001faa3700f30 Exception <a 'sun/nio/fs/WindowsException'{0x000000008fa02a80}> (0x000000008fa02a80) 
thrown [s\src\hotspot\share\prims\jni.cpp, line 537]
Event: 47.204 Thread 0x000001faa3700f30 Exception <a 'sun/nio/fs/WindowsException'{0x000000008fa044c8}> (0x000000008fa044c8) 
thrown [s\src\hotspot\share\prims\jni.cpp, line 537]
Event: 47.209 Thread 0x000001faa3700f30 Exception <a 'sun/nio/fs/WindowsException'{0x000000008faf9470}> (0x000000008faf9470) 
thrown [s\src\hotspot\share\prims\jni.cpp, line 537]
Event: 47.210 Thread 0x000001faa3700f30 Exception <a 'sun/nio/fs/WindowsException'{0x000000008fafada0}> (0x000000008fafada0) 
thrown [s\src\hotspot\share\prims\jni.cpp, line 537]
Event: 48.464 Thread 0x000001fa9b841790 Exception <a 'sun/nio/fs/WindowsException'{0x00000000917698d0}> (0x00000000917698d0) 
thrown [s\src\hotspot\share\prims\jni.cpp, line 537]
Event: 48.481 Thread 0x000001fa9b841790 Exception <a 'sun/nio/fs/WindowsException'{0x00000000909fec78}> (0x00000000909fec78) 
thrown [s\src\hotspot\share\prims\jni.cpp, line 537]
Event: 48.787 Thread 0x000001faa3700f30 Exception <a 'sun/nio/fs/WindowsException'{0x00000000958a9ce0}> (0x00000000958a9ce0) 
thrown [s\src\hotspot\share\prims\jni.cpp, line 537]
Event: 48.852 Thread 0x000001faa3700f30 Exception <a 'sun/nio/fs/WindowsException'{0x00000000958c12f0}> (0x00000000958c12f0) 
thrown [s\src\hotspot\share\prims\jni.cpp, line 537]

ZGC Phase Switch (0 events):
No events

VM Operations (20 events):
Event: 46.400 Executing safepoint VM operation: G1PauseRemark
Event: 46.412 Executing safepoint VM operation: G1PauseRemark done
Event: 46.521 Executing safepoint VM operation: G1PauseCleanup
Event: 46.526 Executing safepoint VM operation: G1PauseCleanup done
Event: 46.762 Executing safepoint VM operation: G1CollectForAllocation (G1 Evacuation Pause)
Event: 46.781 Executing safepoint VM operation: G1CollectForAllocation (G1 Evacuation Pause) done
Event: 47.267 Executing safepoint VM operation: G1CollectForAllocation (G1 Evacuation Pause)
Event: 47.284 Executing safepoint VM operation: G1CollectForAllocation (G1 Evacuation Pause) done
Event: 47.709 Executing safepoint VM operation: G1CollectForAllocation (G1 Evacuation Pause)
Event: 47.718 Executing safepoint VM operation: G1CollectForAllocation (G1 Evacuation Pause) done
Event: 48.013 Executing safepoint VM operation: G1PauseRemark
Event: 48.023 Executing safepoint VM operation: G1PauseRemark done
Event: 48.150 Executing safepoint VM operation: G1PauseCleanup
Event: 48.153 Executing safepoint VM operation: G1PauseCleanup done
Event: 48.559 Executing safepoint VM operation: G1CollectForAllocation (G1 Evacuation Pause)
Event: 48.570 Executing safepoint VM operation: G1CollectForAllocation (G1 Evacuation Pause) done
Event: 49.156 Executing safepoint VM operation: G1CollectForAllocation (G1 Evacuation Pause)
Event: 49.167 Executing safepoint VM operation: G1CollectForAllocation (G1 Evacuation Pause) done
Event: 49.662 Executing safepoint VM operation: G1CollectForAllocation (G1 Evacuation Pause)
Event: 49.671 Executing safepoint VM operation: G1CollectForAllocation (G1 Evacuation Pause) done

Memory protections (0 events):
No events

Nmethod flushes (20 events):
Event: 48.022 Thread 0x000001faff3aa3a0 flushing  nmethod 0x000001fa80449210
Event: 48.022 Thread 0x000001faff3aa3a0 flushing  nmethod 0x000001fa80995590
Event: 48.022 Thread 0x000001faff3aa3a0 flushing  nmethod 0x000001fa8144a590
Event: 48.022 Thread 0x000001faff3aa3a0 flushing  nmethod 0x000001fa818a9a90
Event: 48.022 Thread 0x000001faff3aa3a0 flushing  nmethod 0x000001fa81966410
Event: 48.022 Thread 0x000001faff3aa3a0 flushing  nmethod 0x000001fa81d54d90
Event: 48.022 Thread 0x000001faff3aa3a0 flushing  nmethod 0x000001fa81f21e10
Event: 48.022 Thread 0x000001faff3aa3a0 flushing  nmethod 0x000001fa81f24590
Event: 48.022 Thread 0x000001faff3aa3a0 flushing  nmethod 0x000001fa81f89d90
Event: 48.022 Thread 0x000001faff3aa3a0 flushing  nmethod 0x000001fa8205bd90
Event: 48.022 Thread 0x000001faff3aa3a0 flushing  nmethod 0x000001fa825e5c90
Event: 48.022 Thread 0x000001faff3aa3a0 flushing  nmethod 0x000001fa8272e790
Event: 48.022 Thread 0x000001faff3aa3a0 flushing  nmethod 0x000001fa8272ef10
Event: 48.022 Thread 0x000001faff3aa3a0 flushing  nmethod 0x000001fa80459890
Event: 48.022 Thread 0x000001faff3aa3a0 flushing  nmethod 0x000001fa808a1390
Event: 48.022 Thread 0x000001faff3aa3a0 flushing  nmethod 0x000001fa81835190
Event: 48.022 Thread 0x000001faff3aa3a0 flushing  nmethod 0x000001fa81e9f810
Event: 48.022 Thread 0x000001faff3aa3a0 flushing  nmethod 0x000001fa82761110
Event: 48.022 Thread 0x000001faff3aa3a0 flushing  nmethod 0x000001fa8276db10
Event: 48.022 Thread 0x000001faff3aa3a0 flushing  nmethod 0x000001fa8276e690

Events (20 events):
Event: 31.388 Thread 0x000001faa3701c50 Thread added: 0x000001faa3017700
Event: 31.388 Thread 0x000001faa3701c50 Thread added: 0x000001faa3014280
Event: 31.389 Thread 0x000001faa3701c50 Thread added: 0x000001faa3017d90
Event: 31.389 Thread 0x000001faa3701c50 Thread added: 0x000001faa30169e0
Event: 31.389 Thread 0x000001faa3701c50 Thread added: 0x000001faa301b8a0
Event: 31.390 Thread 0x000001faa3701c50 Thread added: 0x000001faa301ab80
Event: 31.390 Thread 0x000001faa3701c50 Thread added: 0x000001faa301b210
Event: 31.391 Thread 0x000001faa3701c50 Thread added: 0x000001faa3018420
Event: 34.933 Thread 0x000001fa9e6ab180 Thread exited: 0x000001fa9e6ab180
Event: 35.234 Thread 0x000001faa3701c50 Thread added: 0x000001fa9e2670a0
Event: 35.244 Thread 0x000001faff409050 Thread added: 0x000001fa9e588c00
Event: 35.483 Thread 0x000001faa36de130 Thread added: 0x000001fa9e265660
Event: 36.839 Thread 0x000001fa9e265660 Thread exited: 0x000001fa9e265660
Event: 36.983 Thread 0x000001faa36de130 Thread added: 0x000001fa9e268450
Event: 36.992 Thread 0x000001faa36de130 Thread added: 0x000001fa9e268ae0
Event: 36.994 Loaded shared library C:\Program Files\Android\Android Studio\jbr\bin\rmi.dll
Event: 36.996 Thread 0x000001faa36de130 Thread added: 0x000001fa9e265660
Event: 37.122 Thread 0x000001faa36de130 Thread added: 0x000001fa9e269170
Event: 37.123 Thread 0x000001faa36de130 Thread added: 0x000001fa9e265cf0
Event: 37.387 Thread 0x000001fa9e269170 Thread added: 0x000001fa9e26b240


Dynamic libraries:
0x00007ff769d10000 - 0x00007ff769d1a000 	C:\Program Files\Android\Android Studio\jbr\bin\java.exe
0x00007ffce3740000 - 0x00007ffce39a7000 	C:\WINDOWS\SYSTEM32\ntdll.dll
0x00007ffce2040000 - 0x00007ffce2109000 	C:\WINDOWS\System32\KERNEL32.DLL
0x00007ffce0fe0000 - 0x00007ffce13d4000 	C:\WINDOWS\System32\KERNELBASE.dll
0x00007ffce0bc0000 - 0x00007ffce0d0b000 	C:\WINDOWS\System32\ucrtbase.dll
0x00007ffcd5500000 - 0x00007ffcd551b000 	C:\Program Files\Android\Android Studio\jbr\bin\VCRUNTIME140.dll
0x00007ffcd3100000 - 0x00007ffcd3118000 	C:\Program Files\Android\Android Studio\jbr\bin\jli.dll
0x00007ffce33b0000 - 0x00007ffce3575000 	C:\WINDOWS\System32\USER32.dll
0x00007ffcbcf30000 - 0x00007ffcbd1c3000 	C:\WINDOWS\WinSxS\amd64_microsoft.windows.common-controls_6595b64144ccf1df_6.0.26100.8115_none_3e075c82e3354f9c\COMCTL32.dll
0x00007ffce14a0000 - 0x00007ffce14c7000 	C:\WINDOWS\System32\win32u.dll
0x00007ffce2130000 - 0x00007ffce21d9000 	C:\WINDOWS\System32\msvcrt.dll
0x00007ffce2aa0000 - 0x00007ffce2acb000 	C:\WINDOWS\System32\GDI32.dll
0x00007ffce0a90000 - 0x00007ffce0bbb000 	C:\WINDOWS\System32\gdi32full.dll
0x00007ffce0f30000 - 0x00007ffce0fd3000 	C:\WINDOWS\System32\msvcp_win.dll
0x00007ffce1680000 - 0x00007ffce16b2000 	C:\WINDOWS\System32\IMM32.DLL
0x00007ffcdd360000 - 0x00007ffcdd36c000 	C:\Program Files\Android\Android Studio\jbr\bin\vcruntime140_1.dll
0x00007ffcc9f00000 - 0x00007ffcc9f8d000 	C:\Program Files\Android\Android Studio\jbr\bin\msvcp140.dll
0x00007ffc611e0000 - 0x00007ffc61e76000 	C:\Program Files\Android\Android Studio\jbr\bin\server\jvm.dll
0x00007ffce1750000 - 0x00007ffce1806000 	C:\WINDOWS\System32\ADVAPI32.dll
0x00007ffce2790000 - 0x00007ffce2837000 	C:\WINDOWS\System32\sechost.dll
0x00007ffce21e0000 - 0x00007ffce22f8000 	C:\WINDOWS\System32\RPCRT4.dll
0x00007ffce35f0000 - 0x00007ffce3670000 	C:\WINDOWS\System32\WS2_32.dll
0x00007ffcd83e0000 - 0x00007ffcd8416000 	C:\WINDOWS\SYSTEM32\WINMM.dll
0x00007ffcdfe70000 - 0x00007ffcdfece000 	C:\WINDOWS\SYSTEM32\POWRPROF.dll
0x00007ffcd8420000 - 0x00007ffcd842b000 	C:\WINDOWS\SYSTEM32\VERSION.dll
0x00007ffcdfe50000 - 0x00007ffcdfe64000 	C:\WINDOWS\SYSTEM32\UMPDC.dll
0x00007ffcded60000 - 0x00007ffcded7b000 	C:\WINDOWS\SYSTEM32\kernel.appcore.dll
0x00007ffcd54f0000 - 0x00007ffcd54fa000 	C:\Program Files\Android\Android Studio\jbr\bin\jimage.dll
0x00007ffcddfa0000 - 0x00007ffcde1e2000 	C:\WINDOWS\SYSTEM32\DBGHELP.DLL
0x00007ffce2af0000 - 0x00007ffce2e72000 	C:\WINDOWS\System32\combase.dll
0x00007ffce2e80000 - 0x00007ffce2f58000 	C:\WINDOWS\System32\OLEAUT32.dll
0x00007ffcb77c0000 - 0x00007ffcb77fb000 	C:\WINDOWS\SYSTEM32\dbgcore.DLL
0x00007ffce0d10000 - 0x00007ffce0db5000 	C:\WINDOWS\System32\bcryptPrimitives.dll
0x00007ffcd3060000 - 0x00007ffcd306e000 	C:\Program Files\Android\Android Studio\jbr\bin\instrument.dll
0x00007ffcd53d0000 - 0x00007ffcd53f0000 	C:\Program Files\Android\Android Studio\jbr\bin\java.dll
0x00007ffcd53b0000 - 0x00007ffcd53c8000 	C:\Program Files\Android\Android Studio\jbr\bin\zip.dll
0x00007ffce1810000 - 0x00007ffce1f77000 	C:\WINDOWS\System32\SHELL32.dll
0x00007ffce0dc0000 - 0x00007ffce0f2a000 	C:\WINDOWS\System32\wintypes.dll
0x00007ffce0220000 - 0x00007ffce0a88000 	C:\WINDOWS\System32\windows.storage.dll
0x00007ffce2fd0000 - 0x00007ffce30c8000 	C:\WINDOWS\System32\SHCORE.dll
0x00007ffce2f60000 - 0x00007ffce2fc6000 	C:\WINDOWS\System32\shlwapi.dll
0x00007ffcdff30000 - 0x00007ffcdff59000 	C:\WINDOWS\SYSTEM32\profapi.dll
0x00007ffcd53a0000 - 0x00007ffcd53b0000 	C:\Program Files\Android\Android Studio\jbr\bin\net.dll
0x00007ffcd9140000 - 0x00007ffcd926d000 	C:\WINDOWS\SYSTEM32\WINHTTP.dll
0x00007ffcdf2b0000 - 0x00007ffcdf31c000 	C:\WINDOWS\system32\mswsock.dll
0x00007ffcd5380000 - 0x00007ffcd5396000 	C:\Program Files\Android\Android Studio\jbr\bin\nio.dll
0x00007ffcd2c40000 - 0x00007ffcd2c50000 	C:\Program Files\Android\Android Studio\jbr\bin\verify.dll
0x00007ffcd2410000 - 0x00007ffcd2437000 	C:\Users\User\.gradle\native\660c5614fbf4a5f2a75b1949f50a0caf5cd603558e7d8a26e50b933a0cfb79d1\windows-amd64\native-platform.dll
0x00007ffca2de0000 - 0x00007ffca2e57000 	C:\Users\User\.gradle\native\0.2.8\x86_64-windows-gnu\gradle-fileevents.dll
0x00007ffcd30f0000 - 0x00007ffcd30f9000 	C:\Program Files\Android\Android Studio\jbr\bin\management.dll
0x00007ffcd30e0000 - 0x00007ffcd30eb000 	C:\Program Files\Android\Android Studio\jbr\bin\management_ext.dll
0x00007ffce35e0000 - 0x00007ffce35e8000 	C:\WINDOWS\System32\PSAPI.DLL
0x00007ffcde790000 - 0x00007ffcde7c2000 	C:\WINDOWS\SYSTEM32\IPHLPAPI.DLL
0x00007ffce2ae0000 - 0x00007ffce2aea000 	C:\WINDOWS\System32\NSI.dll
0x00007ffcd3510000 - 0x00007ffcd3519000 	C:\Program Files\Android\Android Studio\jbr\bin\extnet.dll
0x00007ffcdf6b0000 - 0x00007ffcdf6cb000 	C:\WINDOWS\SYSTEM32\CRYPTSP.dll
0x00007ffcdecc0000 - 0x00007ffcdecf9000 	C:\WINDOWS\system32\rsaenh.dll
0x00007ffcdf360000 - 0x00007ffcdf393000 	C:\WINDOWS\SYSTEM32\USERENV.dll
0x00007ffcdff00000 - 0x00007ffcdff2a000 	C:\WINDOWS\SYSTEM32\bcrypt.dll
0x00007ffcdf510000 - 0x00007ffcdf51c000 	C:\WINDOWS\SYSTEM32\CRYPTBASE.dll
0x00007ffcb26a0000 - 0x00007ffcb26a8000 	C:\WINDOWS\system32\wshunix.dll
0x00007ffcdee80000 - 0x00007ffcdeeb6000 	C:\WINDOWS\SYSTEM32\ntmarta.dll
0x00007ffcd3050000 - 0x00007ffcd3057000 	C:\Program Files\Android\Android Studio\jbr\bin\rmi.dll

JVMTI agents:
C:\Users\User\.gradle\wrapper\dists\gradle-9.3.1-bin\23ovyewtku6u96viwx3xl3oks\gradle-9.3.1\lib\agents\gradle-instrumentation-agent-9.3.1.jar path:C:\Program Files\Android\Android Studio\jbr\bin\instrument.dll, loaded, initialized, instrumentlib options:none

dbghelp: loaded successfully - version: 4.0.5 - missing functions: none
symbol engine: initialized successfully - sym options: 0x614 - pdb path: .;C:\Program Files\Android\Android Studio\jbr\bin;C:\WINDOWS\SYSTEM32;C:\WINDOWS\WinSxS\amd64_microsoft.windows.common-controls_6595b64144ccf1df_6.0.26100.8115_none_3e075c82e3354f9c;C:\Program Files\Android\Android Studio\jbr\bin\server;C:\Users\User\.gradle\native\660c5614fbf4a5f2a75b1949f50a0caf5cd603558e7d8a26e50b933a0cfb79d1\windows-amd64;C:\Users\User\.gradle\native\0.2.8\x86_64-windows-gnu

VM Arguments:
jvm_args: --add-opens=java.base/java.lang=ALL-UNNAMED --add-opens=java.base/java.lang.invoke=ALL-UNNAMED --add-opens=java.base/java.util=ALL-UNNAMED --add-opens=java.prefs/java.util.prefs=ALL-UNNAMED --add-exports=jdk.compiler/com.sun.tools.javac.api=ALL-UNNAMED --add-exports=jdk.compiler/com.sun.tools.javac.util=ALL-UNNAMED --add-opens=java.base/java.util=ALL-UNNAMED --add-opens=java.prefs/java.util.prefs=ALL-UNNAMED --add-opens=java.base/java.nio.charset=ALL-UNNAMED --add-opens=java.base/java.net=ALL-UNNAMED --add-opens=java.base/java.util.concurrent=ALL-UNNAMED --add-opens=java.base/java.util.concurrent.atomic=ALL-UNNAMED --add-opens=java.xml/javax.xml.namespace=ALL-UNNAMED --add-opens=java.base/java.time=ALL-UNNAMED -Xmx2048m -Dfile.encoding=UTF-8 -Duser.country=UA -Duser.language=uk -Duser.variant -javaagent:C:\Users\User\.gradle\wrapper\dists\gradle-9.3.1-bin\23ovyewtku6u96viwx3xl3oks\gradle-9.3.1\lib\agents\gradle-instrumentation-agent-9.3.1.jar 
java_command: org.gradle.launcher.daemon.bootstrap.GradleDaemon 9.3.1
java_class_path (initial): C:\Users\User\.gradle\wrapper\dists\gradle-9.3.1-bin\23ovyewtku6u96viwx3xl3oks\gradle-9.3.1\lib\gradle-daemon-main-9.3.1.jar
Launcher Type: SUN_STANDARD

[Global flags]
     intx CICompilerCount                          = 4                                         {product} {ergonomic}
     uint ConcGCThreads                            = 3                                         {product} {ergonomic}
     uint G1ConcRefinementThreads                  = 10                                        {product} {ergonomic}
   size_t G1HeapRegionSize                         = 1048576                                   {product} {ergonomic}
    uintx GCDrainStackTargetSize                   = 64                                        {product} {ergonomic}
   size_t InitialHeapSize                          = 257949696                                 {product} {ergonomic}
   size_t MarkStackSize                            = 4194304                                   {product} {ergonomic}
   size_t MaxHeapSize                              = 2147483648                                {product} {command line}
   size_t MaxNewSize                               = 1287651328                                {product} {ergonomic}
   size_t MinHeapDeltaBytes                        = 1048576                                   {product} {ergonomic}
   size_t MinHeapSize                              = 8388608                                   {product} {ergonomic}
    uintx NonNMethodCodeHeapSize                   = 5839372                                {pd product} {ergonomic}
    uintx NonProfiledCodeHeapSize                  = 122909434                              {pd product} {ergonomic}
    uintx ProfiledCodeHeapSize                     = 122909434                              {pd product} {ergonomic}
    uintx ReservedCodeCacheSize                    = 251658240                              {pd product} {ergonomic}
     bool SegmentedCodeCache                       = true                                      {product} {ergonomic}
   size_t SoftMaxHeapSize                          = 2147483648                             {manageable} {ergonomic}
     bool UseCompressedOops                        = true                           {product lp64_product} {ergonomic}
     bool UseG1GC                                  = true                                      {product} {ergonomic}
     bool UseLargePagesIndividualAllocation        = false                                  {pd product} {ergonomic}

Logging:
Log output configuration:
 #0: stdout all=warning uptime,level,tags foldmultilines=false
 #1: stderr all=off uptime,level,tags foldmultilines=false

Release file:
JAVA_VERSION="21.0.10" 
MODULES="java.base java.compiler java.datatransfer java.xml java.prefs java.desktop java.instrument java.logging java.management java.security.sasl java.naming java.rmi java.management.rmi java.net.http java.scripting java.security.jgss java.transaction.xa java.sql java.sql.rowset java.xml.crypto java.se java.smartcardio jdk.accessibility jdk.internal.jvmstat jdk.attach jdk.charsets jdk.internal.opt jdk.zipfs jdk.compiler jdk.crypto.ec jdk.crypto.cryptoki jdk.dynalink jdk.hotspot.agent jdk.httpserver jdk.internal.ed jdk.internal.le jdk.internal.vm.ci jdk.jartool jdk.javadoc jdk.jcmd jdk.jdeps jdk.jdwp.agent jdk.jdi jdk.jfr jdk.jlink jdk.jsobject jdk.localedata jdk.management jdk.management.agent jdk.management.jfr jdk.naming.dns jdk.naming.rmi jdk.net jdk.sctp jdk.security.auth jdk.security.jgss jdk.unsupported jdk.unsupported.desktop jdk.xml.dom" 
IMPLEMENTOR="JetBrains s.r.o." 
JAVA_RUNTIME_VERSION="21.0.10+-14961533-b1163.108" 
LIBC="default" 
OS_ARCH="x86_64" 
OS_NAME="Windows" 
SOURCE=".:git:1351622c2ff2" 

Environment Variables:
JAVA_HOME=C:\Users\User\Downloads\jdk-17.0.12_windows-x64_bin
PATH=C:\Program Files\Common Files\Oracle\Java\javapath;C:\Program Files (x86)\Common Files\Oracle\Java\java8path;C:\Program Files (x86)\Common Files\Oracle\Java\javapath;C:\WINDOWS\system32;C:\WINDOWS;C:\WINDOWS\System32\Wbem;C:\WINDOWS\System32\WindowsPowerShell\v1.0\;C:\WINDOWS\System32\OpenSSH\;C:\Program Files\dotnet\;D:\Download\cmd;%JAVA_HOME%\bin;C:\Program Files\Microsoft SQL Server\150\Tools\Binn\;C:\Program Files (x86)\Windows Kits\10\Windows Performance Toolkit\;C:\Program Files\WireGuard\;C:\Program Files\nodejs\;C:\Program Files\Docker\Docker\resources\bin;C:\Users\User\AppData\Local\Microsoft\WindowsApps;;C:\Users\User\AppData\Local\Programs\Microsoft VS Code\bin;C:\Users\User\.dotnet\tools;D:\Завантаження\cursor\resources\app\bin;C:\Users\User\AppData\Roaming\npm;C:\Users\User\AppData\Local\Python\bin
USERNAME=User
OS=Windows_NT
PROCESSOR_IDENTIFIER=AMD64 Family 25 Model 80 Stepping 0, AuthenticAMD
TMP=C:\Users\User\AppData\Local\Temp
TEMP=C:\Users\User\AppData\Local\Temp




Periodic native trim disabled

JNI global refs:
JNI global refs: 31, weak refs: 248

JNI global refs memory usage: 835, weak refs: 2729

Process memory usage:
Resident Set Size: 913092K (5% of 16057412K total physical memory with 742748K free physical memory)

OOME stack traces (most recent first):
Classloader memory used:
Loader org.gradle.internal.classloader.VisitableURLClassLoader$InstrumentingVisitableURLClassLoader: 54515K
Loader org.gradle.internal.classloader.VisitableURLClassLoader                         : 46308K
Loader bootstrap                                                                       : 31073K
Loader org.gradle.initialization.MixInLegacyTypesClassLoader                           : 13039K
Loader java.net.URLClassLoader                                                         : 5452K
Loader jdk.internal.reflect.DelegatingClassLoader                                      : 523K
Loader jdk.internal.loader.ClassLoaders$AppClassLoader                                 : 231K
Loader jdk.internal.loader.ClassLoaders$PlatformClassLoader                            : 189K
Loader org.gradle.internal.classloader.VisitableURLClassLoader                         : 156K
Loader org.gradle.groovy.scripts.internal.DefaultScriptCompilationHandler$ScriptClassLoader: 129K

Classes loaded by more than one classloader:
Class Program                                                                         : loaded 5 times (x 72B)
Class Build_gradle                                                                    : loaded 3 times (x 126B)
Class com.google.common.base.Equivalence$Identity                                     : loaded 2 times (x 82B)
Class com.google.common.base.PairwiseEquivalence                                      : loaded 2 times (x 83B)
Class com.google.common.collect.RegularImmutableMap$KeySet                            : loaded 2 times (x 152B)
Class org.gradle.internal.classloader.FilteringClassLoader                            : loaded 2 times (x 105B)
Class kotlin.jvm.internal.CollectionToArray                                           : loaded 2 times (x 71B)
Class kotlin.io.FilesKt__FileTreeWalkKt                                               : loaded 2 times (x 71B)
Class kotlin.sequences.FilteringSequence$iterator$1                                   : loaded 2 times (x 79B)
Class kotlin.sequences.SequencesKt__SequenceBuilderKt                                 : loaded 2 times (x 71B)
Class kotlin.collections.CollectionsKt__ReversedViewsKt                               : loaded 2 times (x 71B)
Class [Lcom.google.common.collect.MapMakerInternalMap$Segment;                        : loaded 2 times (x 69B)
Class com.google.common.io.FileWriteMode                                              : loaded 2 times (x 79B)
Class [Lcom.google.common.base.AbstractIterator$State;                                : loaded 2 times (x 69B)
Class com.google.common.base.CharMatcher$IsEither                                     : loaded 2 times (x 111B)
Class org.gradle.internal.classloader.ClassLoaderHierarchy                            : loaded 2 times (x 70B)
Class com.google.common.collect.AbstractMapBasedMultimap$WrappedCollection            : loaded 2 times (x 124B)
Class com.google.common.collect.ImmutableEnumSet                                      : loaded 2 times (x 146B)
Class com.google.common.util.concurrent.ExecutionError                                : loaded 2 times (x 82B)
Class com.google.common.collect.ImmutableList$1                                       : loaded 2 times (x 97B)
Class org.gradle.api.internal.classpath.ManifestUtil                                  : loaded 2 times (x 71B)
Class com.google.common.io.ByteArrayDataOutput                                        : loaded 2 times (x 70B)
Class com.google.common.collect.RegularImmutableMap                                   : loaded 2 times (x 121B)
Class com.google.common.collect.ImmutableMap$MapViewOfValuesAsSingletonSets           : loaded 2 times (x 126B)
Class com.google.common.collect.TransformedListIterator                               : loaded 2 times (x 93B)
Class [Lorg.objectweb.asm.Symbol;                                                     : loaded 2 times (x 69B)
Class org.objectweb.asm.ClassVisitor                                                  : loaded 2 times (x 88B)
Class com.google.common.collect.UnmodifiableListIterator                              : loaded 2 times (x 95B)
Class com.google.common.collect.MapMakerInternalMap$StrongKeyDummyValueEntry$LinkedStrongKeyDummyValueEntry: loaded 2 times (x 82B)
Class com.google.common.collect.MapMakerInternalMap$Strength                          : loaded 2 times (x 80B)
Class com.google.common.base.Platform$JdkPatternCompiler                              : loaded 2 times (x 75B)
Class org.objectweb.asm.MethodTooLargeException                                       : loaded 2 times (x 83B)
Class [Lcom.google.common.cache.CacheBuilder$OneWeigher;                              : loaded 2 times (x 69B)
Class com.google.common.base.Suppliers                                                : loaded 2 times (x 71B)
Class org.gradle.internal.classloader.DefaultClassLoaderFactory                       : loaded 2 times (x 82B)
Class kotlin.sequences.SequencesKt___SequencesKt                                      : loaded 2 times (x 71B)
Class kotlin.collections.AbstractList$Companion                                       : loaded 2 times (x 71B)
Class [Lcom.google.common.collect.AbstractIterator$State;                             : loaded 2 times (x 69B)
Class com.google.common.base.CharMatcher$None                                         : loaded 2 times (x 112B)
Class org.gradle.internal.classloader.ClassLoaderVisitor                              : loaded 2 times (x 76B)
Class [Lcom.google.common.collect.ImmutableMapEntry;                                  : loaded 2 times (x 69B)
Class org.gradle.api.internal.classpath.EffectiveClassPath                            : loaded 2 times (x 90B)
Class kotlin.text.StringsKt__AppendableKt                                             : loaded 2 times (x 71B)
Class com.google.common.collect.ListMultimap                                          : loaded 2 times (x 70B)
Class com.google.common.collect.ImmutableEnumMap                                      : loaded 2 times (x 126B)
Class [Lkotlin.reflect.KCallable;                                                     : loaded 2 times (x 69B)
Class com.google.common.collect.ImmutableSet$SerializedForm                           : loaded 2 times (x 73B)
Class com.google.common.collect.Iterators$EmptyModifiableIterator                     : loaded 2 times (x 86B)
Class com.google.common.base.Splitter                                                 : loaded 2 times (x 72B)
Class com.google.common.collect.Sets$1                                                : loaded 2 times (x 139B)
Class org.objectweb.asm.AnnotationVisitor                                             : loaded 2 times (x 78B)
Class org.gradle.api.internal.DefaultClassPathProvider                                : loaded 2 times (x 76B)
Class kotlin.sequences.Sequence                                                       : loaded 2 times (x 70B)
Class kotlin.text.StringsKt__StringNumberConversionsJVMKt                             : loaded 2 times (x 71B)
Class com.google.common.collect.MapMakerInternalMap$Strength$1                        : loaded 2 times (x 80B)
Class com.google.common.collect.Maps$ViewCachingAbstractMap                           : loaded 2 times (x 125B)
Class com.google.common.collect.Sets$2                                                : loaded 2 times (x 139B)
Class [Lorg.gradle.api.internal.ClassPathProvider;                                    : loaded 2 times (x 69B)
Class org.gradle.api.internal.ClassPathProvider                                       : loaded 2 times (x 70B)
Class com.google.common.collect.MapMakerInternalMap$Strength$2                        : loaded 2 times (x 80B)
Class com.google.common.base.AbstractIterator$State                                   : loaded 2 times (x 79B)
Class [Lorg.objectweb.asm.AnnotationVisitor;                                          : loaded 2 times (x 69B)
Class com.google.common.collect.Sets$3                                                : loaded 2 times (x 139B)
Class com.google.common.cache.LocalCache$LocalLoadingCache                            : loaded 2 times (x 134B)
Class org.gradle.internal.service.UnknownServiceException                             : loaded 2 times (x 83B)
Class com.google.common.io.ByteArrayDataInput                                         : loaded 2 times (x 70B)
Class com.google.common.collect.MapMakerInternalMap$StrongValueEntry                  : loaded 2 times (x 70B)
Class com.google.common.collect.Sets$4                                                : loaded 2 times (x 139B)
Class org.objectweb.asm.ModuleVisitor                                                 : loaded 2 times (x 81B)
Class com.google.common.cache.LocalCache$Strength$1                                   : loaded 2 times (x 81B)
Class com.google.common.util.concurrent.SettableFuture                                : loaded 2 times (x 114B)
Class com.google.common.cache.LocalCache$Strength$2                                   : loaded 2 times (x 81B)
Class kotlin.collections.ArraysKt___ArraysJvmKt                                       : loaded 2 times (x 71B)
Class kotlin.collections.CollectionsKt__CollectionsKt                                 : loaded 2 times (x 71B)
Class kotlin.text.StringsKt__RegexExtensionsJVMKt                                     : loaded 2 times (x 71B)
Class com.google.common.io.ByteStreams                                                : loaded 2 times (x 71B)
Class com.google.common.collect.Interners$InternerImpl                                : loaded 2 times (x 75B)
Class com.google.common.collect.Interner                                              : loaded 2 times (x 70B)
Class com.google.common.collect.TransformedIterator                                   : loaded 2 times (x 80B)
Class com.google.common.base.Splitter$1                                               : loaded 2 times (x 77B)
Class com.google.common.cache.LocalCache$Strength$3                                   : loaded 2 times (x 81B)
Class com.google.common.collect.MapDifference                                         : loaded 2 times (x 70B)
Class kotlin._Assertions                                                              : loaded 2 times (x 71B)
Class com.google.common.collect.MapMaker$Dummy                                        : loaded 2 times (x 79B)
Class org.objectweb.asm.FieldWriter                                                   : loaded 2 times (x 78B)
Class com.google.common.cache.CacheBuilder$NullListener                               : loaded 2 times (x 82B)
Class org.gradle.internal.classpath.TransformedClassPath                              : loaded 2 times (x 96B)
Class org.gradle.internal.classloader.InstrumentingClassLoader                        : loaded 2 times (x 70B)
Class kotlin.jvm.internal.FunctionReference                                           : loaded 2 times (x 122B)
Class kotlin.jvm.internal.FunctionBase                                                : loaded 2 times (x 70B)
Class kotlin.enums.EnumEntriesList                                                    : loaded 2 times (x 223B)
Class com.google.common.cache.CacheLoader$FunctionToCacheLoader                       : loaded 2 times (x 75B)
Class kotlin.text.StringsKt__StringsKt                                                : loaded 2 times (x 71B)
Class com.google.common.collect.ImmutableCollection$Builder                           : loaded 2 times (x 76B)
Class kotlin.comparisons.ComparisonsKt___ComparisonsJvmKt                             : loaded 2 times (x 71B)
Class kotlin.collections.CollectionsKt__IteratorsJVMKt                                : loaded 2 times (x 71B)
Class com.google.common.base.Joiner                                                   : loaded 2 times (x 79B)
Class com.google.common.base.MoreObjects                                              : loaded 2 times (x 71B)
Class [Lorg.jetbrains.kotlin.com.intellij.openapi.diagnostic.LogLevel;                : loaded 2 times (x 69B)
Class org.jetbrains.kotlin.build.report.metrics.GradleBuildTime                       : loaded 2 times (x 86B)
Class [Lorg.objectweb.asm.Attribute;                                                  : loaded 2 times (x 69B)
Class com.google.common.collect.Platform                                              : loaded 2 times (x 71B)
Class [Lorg.objectweb.asm.Type;                                                       : loaded 2 times (x 69B)
Class com.google.common.collect.UnmodifiableIterator                                  : loaded 2 times (x 80B)
Class org.gradle.internal.service.ServiceLocator                                      : loaded 2 times (x 70B)
Class kotlin.Pair                                                                     : loaded 2 times (x 72B)
Class [Lkotlin.Function;                                                              : loaded 2 times (x 69B)
Class com.google.common.base.Ascii                                                    : loaded 2 times (x 71B)
Class com.google.common.collect.SingletonImmutableBiMap                               : loaded 2 times (x 143B)
Class com.google.common.cache.LocalCache$1                                            : loaded 2 times (x 89B)
Class com.google.common.collect.Iterators$SingletonIterator                           : loaded 2 times (x 81B)
Class com.google.common.collect.AbstractMapEntry                                      : loaded 2 times (x 81B)
Class kotlin.io.CloseableKt                                                           : loaded 2 times (x 71B)
Class kotlin.collections.CollectionsKt__MutableCollectionsKt                          : loaded 2 times (x 71B)
Class com.google.common.collect.AbstractSetMultimap                                   : loaded 2 times (x 174B)
Class com.google.common.collect.MapMakerInternalMap$AbstractStrongKeyEntry            : loaded 2 times (x 80B)
Class com.google.common.collect.Sets$ImprovedAbstractSet                              : loaded 2 times (x 135B)
Class com.google.common.collect.ImmutableList$Builder                                 : loaded 2 times (x 77B)
Class com.google.common.collect.AbstractMultimap                                      : loaded 2 times (x 123B)
Class com.google.common.cache.LocalCache$2                                            : loaded 2 times (x 142B)
Class kotlin.reflect.KCallable                                                        : loaded 2 times (x 70B)
Class kotlin.io.TerminateException                                                    : loaded 2 times (x 82B)
Class kotlin.io.FilesKt__FilePathComponentsKt                                         : loaded 2 times (x 71B)
Class com.google.common.collect.RegularImmutableAsList                                : loaded 2 times (x 217B)
Class com.google.common.util.concurrent.AbstractFuture$Trusted                        : loaded 2 times (x 70B)
Class com.google.common.collect.Iterators                                             : loaded 2 times (x 71B)
Class [Lorg.jetbrains.kotlin.build.report.metrics.BuildTime;                          : loaded 2 times (x 69B)
Class com.google.common.io.ByteSink$AsCharSink                                        : loaded 2 times (x 80B)
Class com.google.common.collect.Lists$StringAsImmutableList                           : loaded 2 times (x 207B)
Class com.google.common.util.concurrent.UncheckedExecutionException                   : loaded 2 times (x 82B)
Class org.gradle.kotlin.dsl.VersionCatalogAccessorsKt                                 : loaded 2 times (x 71B)
Class kotlin.collections.EmptyList                                                    : loaded 2 times (x 174B)
Class kotlin.collections.MapsKt__MapsJVMKt                                            : loaded 2 times (x 71B)
Class com.google.common.collect.HashMultimapGwtSerializationDependencies              : loaded 2 times (x 174B)
Class com.google.common.collect.AbstractMapBasedMultimap$KeySet$1                     : loaded 2 times (x 82B)
Class org.objectweb.asm.ClassWriter                                                   : loaded 2 times (x 106B)
Class com.google.common.cache.CacheLoader$UnsupportedLoadingOperationException        : loaded 2 times (x 82B)
Class com.google.common.base.CharMatcher$And                                          : loaded 2 times (x 112B)
Class org.gradle.internal.classloader.ClasspathUtil$1                                 : loaded 2 times (x 76B)
Class com.google.common.base.Objects                                                  : loaded 2 times (x 71B)
Class org.objectweb.asm.FieldVisitor                                                  : loaded 2 times (x 77B)
Class com.google.common.collect.IndexedImmutableSet                                   : loaded 2 times (x 152B)
Class com.google.common.collect.BiMap                                                 : loaded 2 times (x 70B)
Class com.google.common.collect.ImmutableMap$1                                        : loaded 2 times (x 81B)
Class org.gradle.api.internal.classpath.DefaultModuleRegistry$DefaultModule           : loaded 2 times (x 86B)
Class com.google.common.primitives.Ints                                               : loaded 2 times (x 71B)
Class com.google.common.collect.AbstractIterator                                      : loaded 2 times (x 82B)
Class kotlin.collections.IndexingIterable                                             : loaded 2 times (x 79B)
Class kotlin.collections.ArraysKt__ArraysKt                                           : loaded 2 times (x 71B)
Class com.google.common.collect.ObjectArrays                                          : loaded 2 times (x 71B)
Class com.google.common.math.MathPreconditions                                        : loaded 2 times (x 71B)
Class com.google.common.collect.Multiset                                              : loaded 2 times (x 70B)
Class com.google.common.collect.ArrayListMultimapGwtSerializationDependencies         : loaded 2 times (x 172B)
Class com.google.common.collect.AbstractIndexedListIterator                           : loaded 2 times (x 96B)
Class kotlin.collections.SetsKt__SetsJVMKt                                            : loaded 2 times (x 71B)
Class kotlin.Function                                                                 : loaded 2 times (x 70B)
Class com.google.common.collect.ImmutableMapEntrySet                                  : loaded 2 times (x 152B)
Class org.gradle.api.internal.classpath.Module                                        : loaded 2 times (x 70B)
Class kotlin.internal.ProgressionUtilKt                                               : loaded 2 times (x 71B)
Class kotlin.io.FileAlreadyExistsException                                            : loaded 2 times (x 82B)
Class com.google.common.cache.Weigher                                                 : loaded 2 times (x 70B)
Class org.gradle.api.internal.classpath.UnknownModuleException                        : loaded 2 times (x 82B)
Class com.google.common.base.Stopwatch                                                : loaded 2 times (x 72B)
Class com.google.common.cache.LocalCache$Strength                                     : loaded 2 times (x 81B)
Class com.google.common.cache.Cache                                                   : loaded 2 times (x 70B)
Class kotlin.collections.IndexingIterator                                             : loaded 2 times (x 79B)
Class org.jetbrains.kotlin.build.report.metrics.BuildMetricsReporter                  : loaded 2 times (x 70B)
Class com.google.common.base.NullnessCasts                                            : loaded 2 times (x 71B)
Class com.google.common.util.concurrent.AbstractFuture$Cancellation                   : loaded 2 times (x 72B)
Class com.google.common.collect.ImmutableMap$Builder                                  : loaded 2 times (x 82B)
Class [Lkotlin.reflect.KAnnotatedElement;                                             : loaded 2 times (x 69B)
Class com.google.common.collect.AbstractMapBasedMultimap$WrappedCollection$WrappedIterator: loaded 2 times (x 84B)
Class com.google.common.cache.RemovalListener                                         : loaded 2 times (x 70B)
Class org.gradle.api.internal.DefaultClassPathRegistry                                : loaded 2 times (x 76B)
Class com.google.common.primitives.IntsMethodsForWeb                                  : loaded 2 times (x 71B)
Class com.google.common.collect.Multimap                                              : loaded 2 times (x 70B)
Class org.gradle.api.internal.ClassPathRegistry                                       : loaded 2 times (x 70B)
Class org.gradle.internal.classpath.DefaultClassPath$ImmutableUniqueList              : loaded 2 times (x 199B)
Class kotlin.text.StringsKt__StringsJVMKt                                             : loaded 2 times (x 71B)
Class com.google.common.base.ExtraObjectsMethodsForWeb                                : loaded 2 times (x 71B)
Class com.google.common.collect.NullnessCasts                                         : loaded 2 times (x 71B)
Class com.google.common.collect.MapMakerInternalMap$Segment                           : loaded 2 times (x 142B)
Class kotlin.collections.SetsKt                                                       : loaded 2 times (x 71B)
Class kotlin.text.StringsKt__IndentKt                                                 : loaded 2 times (x 71B)
Class com.google.common.collect.Iterators$ArrayItr                                    : loaded 2 times (x 97B)
Class com.google.common.io.ByteSink                                                   : loaded 2 times (x 76B)
Class com.google.common.cache.CacheBuilder                                            : loaded 2 times (x 72B)
Class com.google.common.collect.SingletonImmutableList                                : loaded 2 times (x 207B)
Class Settings_gradle$1                                                               : loaded 2 times (x 74B)
Class org.gradle.internal.classpath.ClassPath                                         : loaded 2 times (x 70B)
Class kotlin.reflect.KFunction                                                        : loaded 2 times (x 70B)
Class kotlin.sequences.SequencesKt__SequencesKt$asSequence$$inlined$Sequence$1        : loaded 2 times (x 75B)
Class com.google.common.collect.Interners$InternerBuilder                             : loaded 2 times (x 76B)
Class com.google.common.io.Files$FileByteSource                                       : loaded 2 times (x 85B)
Class com.google.common.base.JdkPattern                                               : loaded 2 times (x 75B)
Class com.google.common.collect.ImmutableList$ReverseImmutableList                    : loaded 2 times (x 209B)
Class org.jetbrains.kotlin.com.intellij.openapi.diagnostic.Logger                     : loaded 2 times (x 99B)
Class kotlin.collections.MapsKt__MapsKt                                               : loaded 2 times (x 71B)
Class org.objectweb.asm.SymbolTable$Entry                                             : loaded 2 times (x 74B)
Class org.objectweb.asm.Edge                                                          : loaded 2 times (x 72B)
Class com.google.common.base.Suppliers$SupplierOfInstance                             : loaded 2 times (x 79B)
Class com.google.common.collect.Iterators$1                                           : loaded 2 times (x 81B)
Class kotlin.UninitializedPropertyAccessException                                     : loaded 2 times (x 82B)
Class com.google.common.cache.LocalCache$ComputingValueReference                      : loaded 2 times (x 96B)
Class com.google.common.collect.SingletonImmutableSet                                 : loaded 2 times (x 146B)
Class com.google.common.collect.ImmutableMap$IteratorBasedImmutableMap                : loaded 2 times (x 126B)
Class com.google.common.cache.LocalCache$Segment                                      : loaded 2 times (x 154B)
Class ijKotlinCoroutineJvmDebugInit1_dofq3drr9aihm4earzh7ldbbw                        : loaded 2 times (x 171B)
Class com.google.common.collect.AbstractListMultimap                                  : loaded 2 times (x 172B)
Class [Lorg.objectweb.asm.SymbolTable$Entry;                                          : loaded 2 times (x 69B)
Class com.google.common.cache.CacheLoader                                             : loaded 2 times (x 74B)
Class com.google.common.collect.Iterators$4                                           : loaded 2 times (x 82B)
Class com.google.common.collect.ImmutableBiMap                                        : loaded 2 times (x 143B)
Class org.gradle.api.internal.classpath.ModuleRegistry                                : loaded 2 times (x 70B)
Class org.gradle.internal.installation.GradleInstallation$1                           : loaded 2 times (x 75B)
Class com.google.common.base.Splitter$SplittingIterator                               : loaded 2 times (x 84B)
Class com.google.common.collect.ImmutableSet$JdkBackedSetBuilderImpl                  : loaded 2 times (x 76B)
Class com.google.common.util.concurrent.internal.InternalFutureFailureAccess          : loaded 2 times (x 72B)
Class com.google.common.collect.Iterators$5                                           : loaded 2 times (x 82B)
Class com.google.common.cache.LocalCache$LocalManualCache$1                           : loaded 2 times (x 75B)
Class com.google.common.base.CharMatcher$ForPredicate                                 : loaded 2 times (x 112B)
Class kotlin.io.FilesKt__UtilsKt                                                      : loaded 2 times (x 71B)
Class kotlin.collections.CollectionsKt__CollectionsJVMKt                              : loaded 2 times (x 71B)
Class com.google.common.base.CharMatcher$AnyOf                                        : loaded 2 times (x 112B)
Class com.google.common.collect.ImmutableCollection                                   : loaded 2 times (x 125B)
Class org.gradle.api.internal.classpath.DefaultModuleRegistry                         : loaded 2 times (x 86B)
Class kotlin.collections.IndexedValue                                                 : loaded 2 times (x 72B)
Class kotlin.sequences.SequencesKt                                                    : loaded 2 times (x 71B)
Class kotlin.collections.CollectionsKt__IteratorsKt                                   : loaded 2 times (x 71B)
Class org.jetbrains.kotlin.build.report.metrics.GradleBuildTime$Companion             : loaded 2 times (x 71B)
Class com.google.common.collect.Lists                                                 : loaded 2 times (x 71B)
Class com.google.common.util.concurrent.ListenableFuture                              : loaded 2 times (x 70B)
Class com.google.common.cache.ReferenceEntry                                          : loaded 2 times (x 70B)
Class com.google.common.base.Converter                                                : loaded 2 times (x 90B)
Class com.google.common.collect.ImmutableSet$CachingAsList                            : loaded 2 times (x 148B)
Class org.jetbrains.kotlin.com.intellij.openapi.diagnostic.Logger$DefaultFactory      : loaded 2 times (x 74B)
Class kotlin.text.StringsKt                                                           : loaded 2 times (x 71B)
Class com.google.common.collect.AbstractMapBasedMultimap                              : loaded 2 times (x 139B)
Class com.google.common.util.concurrent.AbstractFuture                                : loaded 2 times (x 106B)
Class com.google.common.base.FunctionalEquivalence                                    : loaded 2 times (x 83B)
Class com.google.common.collect.Iterators$9                                           : loaded 2 times (x 81B)
Class com.google.common.collect.ImmutableAsList                                       : loaded 2 times (x 209B)
Class kotlin.LazyKt__LazyJVMKt                                                        : loaded 2 times (x 71B)
Class org.objectweb.asm.RecordComponentVisitor                                        : loaded 2 times (x 77B)
Class com.google.common.cache.CacheLoader$SupplierToCacheLoader                       : loaded 2 times (x 75B)
Class kotlin.io.FilesKt__FileReadWriteKt                                              : loaded 2 times (x 71B)
Class kotlin.text.StringsKt__StringNumberConversionsKt                                : loaded 2 times (x 71B)
Class com.google.common.collect.Maps$EntryTransformer                                 : loaded 2 times (x 70B)
Class org.gradle.internal.service.ServiceLookupException                              : loaded 2 times (x 82B)
Class org.jetbrains.kotlin.com.intellij.openapi.diagnostic.LogLevel                   : loaded 2 times (x 79B)
Class [Lcom.google.common.cache.LocalCache$EntryFactory;                              : loaded 2 times (x 69B)
Class org.gradle.internal.classloader.ClassLoaderFactory                              : loaded 2 times (x 70B)
Class com.google.common.base.CommonPattern                                            : loaded 2 times (x 74B)
Class com.google.common.cache.LocalCache$LocalManualCache                             : loaded 2 times (x 99B)
Class com.google.common.base.CharMatcher$IsNot                                        : loaded 2 times (x 111B)
Class org.gradle.internal.service.CachingServiceLocator                               : loaded 2 times (x 82B)
Class kotlin.jvm.internal.CallableReference                                           : loaded 2 times (x 106B)
Class com.google.common.collect.AbstractMapBasedMultimap$KeySet                       : loaded 2 times (x 137B)
Class com.google.common.math.IntMath                                                  : loaded 2 times (x 71B)
Class org.jetbrains.kotlin.build.report.metrics.BuildTime                             : loaded 2 times (x 70B)
Class com.google.common.collect.MapMakerInternalMap$InternalEntry                     : loaded 2 times (x 70B)
Class com.google.common.collect.ImmutableMapEntry                                     : loaded 2 times (x 85B)
Class kotlin.enums.EnumEntries                                                        : loaded 2 times (x 70B)
Class org.jetbrains.kotlin.build.report.metrics.DoNothingBuildMetricsReporter         : loaded 2 times (x 86B)
Class com.google.common.base.Equivalence                                              : loaded 2 times (x 82B)
Class com.google.common.base.Function                                                 : loaded 2 times (x 70B)
Class com.google.common.collect.ImmutableMapEntry$NonTerminalImmutableMapEntry        : loaded 2 times (x 85B)
Class com.google.common.collect.IndexedImmutableSet$1                                 : loaded 2 times (x 213B)
Class com.google.common.cache.CacheBuilder$OneWeigher                                 : loaded 2 times (x 82B)
Class com.google.common.collect.RegularImmutableList                                  : loaded 2 times (x 213B)
Class org.jetbrains.kotlin.com.intellij.openapi.diagnostic.Logger$Factory             : loaded 2 times (x 70B)
Class org.gradle.internal.classloader.ClasspathUtil                                   : loaded 2 times (x 71B)
Class kotlin.io.FileSystemException                                                   : loaded 2 times (x 82B)
Class com.google.common.util.concurrent.Uninterruptibles                              : loaded 2 times (x 71B)
Class kotlin.jvm.internal.DefaultConstructorMarker                                    : loaded 2 times (x 71B)
Class com.google.common.collect.AbstractMapBasedMultimap$WrappedSet                   : loaded 2 times (x 142B)
Class com.google.common.util.concurrent.LazyLogger                                    : loaded 2 times (x 72B)
Class com.google.common.collect.Maps                                                  : loaded 2 times (x 71B)
Class org.gradle.api.specs.Spec                                                       : loaded 2 times (x 70B)
Class com.google.common.collect.MapMaker                                              : loaded 2 times (x 72B)
Class [Lcom.google.common.collect.ImmutableEntry;                                     : loaded 2 times (x 69B)
Class com.google.common.cache.LocalCache$LoadingValueReference                        : loaded 2 times (x 96B)
Class kotlin.collections.EmptyIterator                                                : loaded 2 times (x 89B)
Class kotlin.SynchronizedLazyImpl                                                     : loaded 2 times (x 76B)
Class kotlin.text.StringsKt__RegexExtensionsKt                                        : loaded 2 times (x 71B)
Class com.google.common.collect.MapMakerInternalMap$StrongKeyDummyValueEntry          : loaded 2 times (x 82B)
Class com.google.common.base.Platform                                                 : loaded 2 times (x 71B)
Class kotlin.sequences.SequencesKt__SequencesJVMKt                                    : loaded 2 times (x 71B)
Class kotlin.collections.AbstractList                                                 : loaded 2 times (x 197B)
Class kotlin.collections.AbstractCollection                                           : loaded 2 times (x 117B)
Class com.google.common.collect.AbstractMapBasedMultimap$WrappedList                  : loaded 2 times (x 205B)
Class [Lorg.objectweb.asm.AnnotationWriter;                                           : loaded 2 times (x 69B)
Class com.google.common.collect.Maps$8                                                : loaded 2 times (x 82B)
Class kotlin.collections.ArrayAsCollection                                            : loaded 2 times (x 105B)
Class kotlin.LazyKt__LazyKt                                                           : loaded 2 times (x 71B)
Class kotlin.text.StringsKt__StringBuilderJVMKt                                       : loaded 2 times (x 71B)
Class [Lcom.google.common.collect.Iterators$EmptyModifiableIterator;                  : loaded 2 times (x 69B)
Class com.google.common.collect.Sets$SetView                                          : loaded 2 times (x 138B)
Class com.google.common.cache.LocalCache$StrongValueReference                         : loaded 2 times (x 90B)
Class kotlin.UNINITIALIZED_VALUE                                                      : loaded 2 times (x 71B)
Class com.google.common.graph.SuccessorsFunction                                      : loaded 2 times (x 70B)
Class org.objectweb.asm.Type                                                          : loaded 2 times (x 72B)
Class org.gradle.internal.classloader.VisitableURLClassLoader$InstrumentingVisitableURLClassLoader: loaded 2 times (x 123B)
Class kotlin.comparisons.ComparisonsKt__ComparisonsKt                                 : loaded 2 times (x 71B)
Class kotlin.ranges.RangesKt__RangesKt                                                : loaded 2 times (x 71B)
Class kotlin.collections.SetsKt___SetsKt                                              : loaded 2 times (x 71B)
Class kotlin.sequences.SequencesKt__SequencesKt                                       : loaded 2 times (x 71B)
Class com.google.common.collect.MapMakerInternalMap$StrongKeyDummyValueEntry$Helper   : loaded 2 times (x 79B)
Class com.google.common.io.Files$FileByteSink                                         : loaded 2 times (x 77B)
Class com.google.common.math.IntMath$1                                                : loaded 2 times (x 71B)
Class org.objectweb.asm.ByteVector                                                    : loaded 2 times (x 79B)
Class [Lcom.google.common.cache.CacheBuilder$NullListener;                            : loaded 2 times (x 69B)
Class org.gradle.internal.classloader.VisitableURLClassLoader$Spec                    : loaded 2 times (x 74B)
Class org.gradle.internal.classpath.DefaultClassPath                                  : loaded 2 times (x 90B)
Class kotlin.comparisons.ComparisonsKt                                                : loaded 2 times (x 71B)
Class kotlin.comparisons.ComparisonsKt___ComparisonsKt                                : loaded 2 times (x 71B)
Class kotlin.sequences.FilteringSequence                                              : loaded 2 times (x 75B)
Class [Lorg.jetbrains.kotlin.build.report.metrics.GradleBuildTime;                    : loaded 2 times (x 69B)
Class com.google.common.base.AbstractIterator                                         : loaded 2 times (x 80B)
Class org.objectweb.asm.Symbol                                                        : loaded 2 times (x 73B)
Class com.google.common.io.Closer                                                     : loaded 2 times (x 78B)
Class com.google.common.base.CharMatcher$BitSetMatcher                                : loaded 2 times (x 112B)
Class com.google.common.collect.RegularImmutableMap$Values                            : loaded 2 times (x 207B)
Class com.google.common.collect.ImmutableSet                                          : loaded 2 times (x 145B)
Class org.gradle.internal.classloader.ClassLoaderSpec                                 : loaded 2 times (x 71B)
Class kotlin.jvm.internal.FunctionReferenceImpl                                       : loaded 2 times (x 122B)
Class kotlin.collections.CollectionsKt___CollectionsJvmKt                             : loaded 2 times (x 71B)
Class org.objectweb.asm.AnnotationWriter                                              : loaded 2 times (x 79B)
Class com.google.common.cache.CacheStats                                              : loaded 2 times (x 71B)
Class kotlin.TuplesKt                                                                 : loaded 2 times (x 71B)
Class kotlin.Unit                                                                     : loaded 2 times (x 71B)
Class kotlin.sequences.SequencesKt___SequencesJvmKt                                   : loaded 2 times (x 71B)
Class com.google.common.collect.Interners                                             : loaded 2 times (x 71B)
Class com.google.common.io.Closer$Suppressor                                          : loaded 2 times (x 70B)
Class com.google.common.io.LineProcessor                                              : loaded 2 times (x 70B)
Class org.objectweb.asm.RecordComponentWriter                                         : loaded 2 times (x 78B)
Class com.google.common.util.concurrent.AbstractFuture$Listener                       : loaded 2 times (x 72B)
Class com.google.common.base.CharMatcher$Or                                           : loaded 2 times (x 112B)
Class Settings_gradle$1$1                                                             : loaded 2 times (x 74B)
Class kotlin.ranges.RangesKt                                                          : loaded 2 times (x 71B)
Class [Lorg.objectweb.asm.Label;                                                      : loaded 2 times (x 69B)
Class org.objectweb.asm.Attribute                                                     : loaded 2 times (x 77B)
Class com.google.common.base.Supplier                                                 : loaded 2 times (x 70B)
Class ijKotlinCoroutineJvmDebugInit1_dofq3drr9aihm4earzh7ldbbw$_run_closure1          : loaded 2 times (x 139B)
Class org.gradle.internal.classloader.VisitableURLClassLoader                         : loaded 2 times (x 117B)
Class kotlin.collections.ArraysUtilJVM                                                : loaded 2 times (x 71B)
Class kotlin.jvm.functions.Function0                                                  : loaded 2 times (x 70B)
Class Settings_gradle                                                                 : loaded 2 times (x 124B)
Class org.gradle.internal.Cast                                                        : loaded 2 times (x 71B)
Class org.gradle.api.Action                                                           : loaded 2 times (x 70B)
Class kotlin.jvm.functions.Function1                                                  : loaded 2 times (x 70B)
Class com.google.common.collect.MapMakerInternalMap                                   : loaded 2 times (x 161B)
Class com.google.common.base.Strings                                                  : loaded 2 times (x 71B)
Class com.google.common.collect.Sets                                                  : loaded 2 times (x 71B)
Class org.objectweb.asm.Handler                                                       : loaded 2 times (x 72B)
Class com.google.common.base.Ticker                                                   : loaded 2 times (x 72B)
Class com.google.common.base.CharMatcher$FastMatcher                                  : loaded 2 times (x 111B)
Class kotlin.jvm.functions.Function2                                                  : loaded 2 times (x 70B)
Class [Lcom.google.common.cache.LocalCache$Segment;                                   : loaded 2 times (x 69B)
Class [Lcom.google.common.cache.LocalCache$Strength;                                  : loaded 2 times (x 69B)
Class com.google.common.cache.CacheBuilder$1                                          : loaded 2 times (x 85B)
Class com.google.common.base.Predicate                                                : loaded 2 times (x 70B)
Class com.google.common.collect.ImmutableMap                                          : loaded 2 times (x 120B)
Class org.gradle.internal.classpath.DefaultClassPath$ImmutableUniqueList$Builder      : loaded 2 times (x 75B)
Class kotlin.jvm.functions.Function3                                                  : loaded 2 times (x 70B)
Class kotlin.collections.MapsKt___MapsJvmKt                                           : loaded 2 times (x 71B)
Class com.google.common.collect.MapMakerInternalMap$WeakValueReference                : loaded 2 times (x 70B)
Class com.google.common.cache.LocalCache                                              : loaded 2 times (x 187B)
Class com.google.common.cache.CacheBuilder$2                                          : loaded 2 times (x 79B)
Class com.google.common.base.CharMatcher$NegatedFastMatcher                           : loaded 2 times (x 113B)
Class kotlin.collections.EmptySet                                                     : loaded 2 times (x 122B)
Class kotlin.collections.CollectionsKt___CollectionsKt                                : loaded 2 times (x 71B)
Class com.google.common.collect.ArrayListMultimap                                     : loaded 2 times (x 172B)
Class com.google.common.cache.CacheBuilder$3                                          : loaded 2 times (x 72B)
Class [Lcom.google.common.collect.AbstractMapEntry;                                   : loaded 2 times (x 69B)
Class com.google.common.collect.ImmutableEntry                                        : loaded 2 times (x 82B)
Class org.gradle.api.GradleException                                                  : loaded 2 times (x 82B)
Class kotlin.reflect.KDeclarationContainer                                            : loaded 2 times (x 70B)
Class kotlin.text.StringsKt___StringsJvmKt                                            : loaded 2 times (x 71B)
Class com.google.common.base.Suppliers$MemoizingSupplier                              : loaded 2 times (x 79B)
Class com.google.common.collect.CollectPreconditions                                  : loaded 2 times (x 71B)
Class kotlin.collections.MapsKt___MapsKt                                              : loaded 2 times (x 71B)
Class kotlin.io.FilesKt                                                               : loaded 2 times (x 71B)
Class kotlin.collections.ArraysKt___ArraysKt                                          : loaded 2 times (x 71B)
Class [Lcom.google.common.collect.MapMakerInternalMap$Strength;                       : loaded 2 times (x 69B)
Class [Lcom.google.common.io.FileWriteMode;                                           : loaded 2 times (x 69B)
Class com.google.common.collect.SortedMapDifference                                   : loaded 2 times (x 70B)
Class kotlin.collections.MapsKt__MapWithDefaultKt                                     : loaded 2 times (x 71B)
Class com.google.common.collect.MapMakerInternalMap$StrongKeyDummyValueSegment        : loaded 2 times (x 142B)
Class com.google.common.io.Files                                                      : loaded 2 times (x 71B)
Class com.google.common.cache.LocalCache$EntryFactory                                 : loaded 2 times (x 83B)
Class kotlin.collections.CollectionsKt__MutableCollectionsJVMKt                       : loaded 2 times (x 71B)
Class kotlin.enums.EnumEntriesKt                                                      : loaded 2 times (x 71B)
Class kotlin.text.StringsKt___StringsKt                                               : loaded 2 times (x 71B)
Class [Lcom.google.common.collect.MapMaker$Dummy;                                     : loaded 2 times (x 69B)
Class com.google.common.base.CharMatcher$Whitespace                                   : loaded 2 times (x 112B)
Class com.google.common.cache.LocalCache$AbstractReferenceEntry                       : loaded 2 times (x 107B)
Class ijJvmDebugger1_9x3erf11sbp6hr81ma3cxq5r2$_run_closure1$_closure2                : loaded 2 times (x 140B)
Class org.gradle.internal.IoActions                                                   : loaded 2 times (x 71B)
Class com.google.common.collect.ImmutableMapKeySet                                    : loaded 2 times (x 152B)
Class org.objectweb.asm.SymbolTable                                                   : loaded 2 times (x 72B)
Class com.google.common.cache.CacheLoader$InvalidCacheLoadException                   : loaded 2 times (x 82B)
Class com.google.common.collect.ImmutableSet$RegularSetBuilderImpl                    : loaded 2 times (x 77B)
Class ijJvmDebugger1_9x3erf11sbp6hr81ma3cxq5r2                                        : loaded 2 times (x 171B)
Class org.gradle.internal.classloader.SystemClassLoaderSpec                           : loaded 2 times (x 71B)
Class kotlin.reflect.KAnnotatedElement                                                : loaded 2 times (x 70B)
Class kotlin.jvm.internal.Intrinsics                                                  : loaded 2 times (x 71B)
Class com.google.common.cache.LocalCache$StrongEntry                                  : loaded 2 times (x 108B)
Class com.google.common.util.concurrent.AbstractFuture$TrustedFuture                  : loaded 2 times (x 114B)
Class com.google.common.cache.LoadingCache                                            : loaded 2 times (x 70B)
Class kotlin.collections.MapsKt                                                       : loaded 2 times (x 71B)
Class kotlin.collections.CollectionsKt__IterablesKt                                   : loaded 2 times (x 71B)
Class com.google.common.io.ByteStreams$LimitedInputStream                             : loaded 2 times (x 92B)
Class com.google.common.base.Suppliers$NonSerializableMemoizingSupplier               : loaded 2 times (x 79B)
Class org.objectweb.asm.MethodWriter                                                  : loaded 2 times (x 106B)
Class [Lcom.google.common.cache.Weigher;                                              : loaded 2 times (x 69B)
Class com.google.common.collect.RegularImmutableMap$BucketOverflowException           : loaded 2 times (x 82B)
Class kotlin.KotlinNullPointerException                                               : loaded 2 times (x 83B)
Class com.google.common.collect.AbstractMapBasedMultimap$RandomAccessWrappedList      : loaded 2 times (x 205B)
Class kotlin.ranges.RangesKt___RangesKt                                               : loaded 2 times (x 71B)
Class com.google.common.collect.AbstractIterator$State                                : loaded 2 times (x 79B)
Class com.google.common.collect.RegularImmutableBiMap                                 : loaded 2 times (x 149B)
Class com.google.common.cache.LocalCache$ValueReference                               : loaded 2 times (x 70B)
Class com.google.common.base.CharMatcher$Is                                           : loaded 2 times (x 111B)
Class com.google.common.base.CharMatcher$Negated                                      : loaded 2 times (x 113B)
Class org.jetbrains.kotlin.com.intellij.openapi.diagnostic.Attachment                 : loaded 2 times (x 72B)
Class kotlin.collections.ArraysKt                                                     : loaded 2 times (x 71B)
Class com.google.common.base.PatternCompiler                                          : loaded 2 times (x 70B)
Class com.google.common.util.concurrent.AbstractFuture$Failure                        : loaded 2 times (x 72B)
Class com.google.common.base.Equivalence$Equals                                       : loaded 2 times (x 82B)
Class com.google.common.collect.Hashing                                               : loaded 2 times (x 71B)
Class com.google.common.base.Preconditions                                            : loaded 2 times (x 71B)
Class ijJvmDebugger1_9x3erf11sbp6hr81ma3cxq5r2$_run_closure1                          : loaded 2 times (x 139B)
Class kotlin.collections.SetsKt__SetsKt                                               : loaded 2 times (x 71B)
Class kotlin.LazyKt                                                                   : loaded 2 times (x 71B)
Class com.google.common.io.CharSink                                                   : loaded 2 times (x 79B)
Class com.google.common.base.Joiner$1                                                 : loaded 2 times (x 80B)
Class org.objectweb.asm.Label                                                         : loaded 2 times (x 73B)
Class org.objectweb.asm.CurrentFrame                                                  : loaded 2 times (x 73B)
Class org.objectweb.asm.ClassTooLargeException                                        : loaded 2 times (x 83B)
Class com.google.common.base.CharMatcher                                              : loaded 2 times (x 111B)
Class com.google.common.collect.PeekingIterator                                       : loaded 2 times (x 70B)
Class kotlin.collections.ArraysKt__ArraysJVMKt                                        : loaded 2 times (x 71B)
Class com.google.common.collect.MapMakerInternalMap$InternalEntryHelper               : loaded 2 times (x 70B)
Class com.google.common.collect.Maps$IteratorBasedAbstractMap                         : loaded 2 times (x 125B)
Class com.google.common.collect.Table                                                 : loaded 2 times (x 70B)
Class com.google.common.base.Joiner$2                                                 : loaded 2 times (x 79B)
Class org.objectweb.asm.Frame                                                         : loaded 2 times (x 73B)
Class org.objectweb.asm.MethodVisitor                                                 : loaded 2 times (x 105B)
Class com.google.common.cache.LocalCache$EntryFactory$1                               : loaded 2 times (x 83B)
Class [Lcom.google.common.cache.RemovalListener;                                      : loaded 2 times (x 69B)
Class com.google.common.base.CharMatcher$1                                            : loaded 2 times (x 113B)
Class com.google.common.base.CharMatcher$NamedFastMatcher                             : loaded 2 times (x 112B)
Class kotlin.jvm.internal.CallableReference$NoReceiver                                : loaded 2 times (x 71B)
Class kotlin.text.StringsKt__StringBuilderKt                                          : loaded 2 times (x 71B)
Class com.google.common.cache.LocalCache$EntryFactory$2                               : loaded 2 times (x 83B)
Class ijKotlinCoroutineJvmDebugInit1_dofq3drr9aihm4earzh7ldbbw$_run_closure1$_closure2: loaded 2 times (x 139B)
Class org.gradle.api.internal.classpath.GlobalCacheRootsProvider                      : loaded 2 times (x 70B)
Class kotlin.Lazy                                                                     : loaded 2 times (x 70B)
Class kotlin.NoWhenBranchMatchedException                                             : loaded 2 times (x 82B)
Class org.objectweb.asm.ModuleWriter                                                  : loaded 2 times (x 82B)
Class com.google.common.cache.LocalCache$EntryFactory$3                               : loaded 2 times (x 83B)
Class com.google.common.base.Ticker$1                                                 : loaded 2 times (x 72B)
Class com.google.common.collect.Maps$BiMapConverter                                   : loaded 2 times (x 90B)
Class com.google.common.collect.ImmutableMapEntrySet$RegularEntrySet                  : loaded 2 times (x 152B)
Class [Lkotlin.jvm.functions.Function1;                                               : loaded 2 times (x 69B)
Class com.google.common.collect.SetMultimap                                           : loaded 2 times (x 70B)
Class com.google.common.collect.ImmutableSet$Builder                                  : loaded 2 times (x 85B)
Class com.google.common.cache.LocalCache$EntryFactory$4                               : loaded 2 times (x 83B)
Class com.google.common.base.CharMatcher$InRange                                      : loaded 2 times (x 111B)
Class kotlin.sequences.ConstrainedOnceSequence                                        : loaded 2 times (x 75B)
Class com.google.common.io.ByteStreams$1                                              : loaded 2 times (x 85B)
Class com.google.common.cache.LocalCache$EntryFactory$5                               : loaded 2 times (x 83B)
Class kotlin.jvm.internal.markers.KMappedMarker                                       : loaded 2 times (x 70B)
Class kotlin.NotImplementedError                                                      : loaded 2 times (x 82B)
Class com.google.common.collect.HashMultimap                                          : loaded 2 times (x 174B)
Class com.google.common.cache.LocalCache$EntryFactory$6                               : loaded 2 times (x 83B)
Class org.gradle.internal.installation.CurrentGradleInstallationLocator               : loaded 2 times (x 71B)
Class org.objectweb.asm.ClassReader                                                   : loaded 2 times (x 94B)
Class com.google.common.collect.Maps$KeySet                                           : loaded 2 times (x 137B)
Class com.google.common.collect.ImmutableSet$EmptySetBuilderImpl                      : loaded 2 times (x 76B)
Class com.google.common.cache.LocalCache$EntryFactory$7                               : loaded 2 times (x 83B)
Class com.google.common.collect.ImmutableList                                         : loaded 2 times (x 206B)
Class org.gradle.internal.service.DefaultServiceLocator                               : loaded 2 times (x 83B)
Class com.google.common.collect.Maps$EntrySet                                         : loaded 2 times (x 136B)
Class com.google.common.cache.LocalCache$EntryFactory$8                               : loaded 2 times (x 83B)
Class com.google.common.collect.ImmutableSet$SetBuilderImpl                           : loaded 2 times (x 76B)
Class org.gradle.internal.installation.CurrentGradleInstallation                      : loaded 2 times (x 73B)
Class com.google.common.cache.CacheLoader$1                                           : loaded 2 times (x 75B)
Class com.google.common.collect.ForwardingObject                                      : loaded 2 times (x 72B)
Class com.google.common.collect.ImmutableList$SubList                                 : loaded 2 times (x 209B)
Class org.gradle.util.internal.GUtil                                                  : loaded 2 times (x 71B)
Class kotlin.io.NoSuchFileException                                                   : loaded 2 times (x 82B)
Class kotlin.collections.CollectionsKt                                                : loaded 2 times (x 71B)
Class com.google.common.io.ByteSource                                                 : loaded 2 times (x 84B)
Class com.google.common.cache.AbstractCache$StatsCounter                              : loaded 2 times (x 70B)
Class com.google.common.collect.MapMakerInternalMap$1                                 : loaded 2 times (x 83B)
Class org.objectweb.asm.Context                                                       : loaded 2 times (x 72B)
Class com.google.common.collect.Iterators$MergingIterator                             : loaded 2 times (x 81B)
Class com.google.common.collect.RegularImmutableSet                                   : loaded 2 times (x 149B)
Class org.gradle.internal.installation.GradleInstallation                             : loaded 2 times (x 75B)
Class kotlin.collections.CollectionsKt__IteratorsJVMKt$iterator$1                     : loaded 2 times (x 79B)
Class com.google.common.base.Splitter$Strategy                                        : loaded 2 times (x 70B)
Class com.google.common.collect.Iterables                                             : loaded 2 times (x 71B)
Class kotlin.jvm.KotlinReflectionNotSupportedError                                    : loaded 2 times (x 82B)
Class org.jetbrains.kotlin.com.intellij.openapi.diagnostic.DefaultLogger              : loaded 2 times (x 100B)

---------------  S Y S T E M  ---------------

OS:
 Windows 11 , 64 bit Build 26100 (10.0.26100.8246)
OS uptime: 3 days 2:53 hours
Hyper-V role detected

CPU: total 12 (initial active 12) (12 cores per cpu, 2 threads per core) family 25 model 80 stepping 0 microcode 0xa500014, cx8, cmov, fxsr, ht, mmx, 3dnowpref, sse, sse2, sse3, ssse3, sse4a, sse4.1, sse4.2, popcnt, lzcnt, tsc, tscinvbit, avx, avx2, aes, erms, clmul, bmi1, bmi2, adx, sha, fma, vzeroupper, clflush, clflushopt, hv, rdtscp, rdpid, fsrm, f16c, cet_ss
Processor Information for the first 12 processors :
  Max Mhz: 2000, Current Mhz: 1890, Mhz Limit: 2000

Memory: 4k page, system-wide physical 15681M (836M free)
TotalPageFile size 31933M (AvailPageFile size 63M)
current process WorkingSet (physical memory assigned to process): 890M, peak: 901M
current process commit charge ("private bytes"): 936M, peak: 946M

vm_info: OpenJDK 64-Bit Server VM (21.0.10+-14961533-b1163.108) for windows-amd64 JRE (21.0.10+-14961533-b1163.108), built on 2026-03-02T19:58:50Z by "builder" with MS VC++ 16.10 / 16.11 (VS2019)

END.
